text_id,source_type,provider_type,provider_name,created_at,rating,sentiment_label,topic_label,text,__source_file,source_url
T0001,review,HOSPITAL,A내과(강남점),2025-12-20,5.0,positive,staff,접수부터 안내까지 친절해서 좋았어요.,C:/Users/cutep/OneDrive/바탕 화면/yurim251202/VibeCoding/CareLog AI/data/step2_raw_complete.csv,
T0002,review,HOSPITAL,A내과(강남점),2025-12-21,2.0,negative,wait,대기 시간이 너무 길었습니다.,C:/Users/cutep/OneDrive/바탕 화면/yurim251202/VibeCoding/CareLog AI/data/step2_raw_complete.csv,
T0003,review,HOSPITAL,B이비인후과(강남역점),2025-12-21,4.0,positive,explain,증상 설명을 이해하기 쉽게 해주셨어요.,C:/Users/cutep/OneDrive/바탕 화면/yurim251202/VibeCoding/CareLog AI/data/step2_raw_complete.csv,
T0004,review,PHARMACY,B약국(홍대점),2025-12-22,5.0,positive,speed,조제 속도가 빨라서 편했습니다.,C:/Users/cutep/OneDrive/바탕 화면/yurim251202/VibeCoding/CareLog AI/data/step2_raw_complete.csv,
T0005,review,PHARMACY,B약국(홍대점),2025-12-22,2.0,negative,price,가격 안내가 부족해서 아쉬웠어요.,C:/Users/cutep/OneDrive/바탕 화면/yurim251202/VibeCoding/CareLog AI/data/step2_raw_complete.csv,
T0006,review,CHECKUP_CENTER,A검진센터(강남점),2025-12-23,4.0,positive,process,검진 동선이 잘 안내되어 혼잡하지 않았어요.,C:/Users/cutep/OneDrive/바탕 화면/yurim251202/VibeCoding/CareLog AI/data/step2_raw_complete.csv,
T0007,inquiry,HOSPITAL,C의원(홍대점),2025-12-23,,neutral,reservation,오늘 진료 예약 가능한 시간대가 있나요?,C:/Users/cutep/OneDrive/바탕 화면/yurim251202/VibeCoding/CareLog AI/data/step2_raw_complete.csv,
T0008,inquiry,HOSPITAL,C의원(홍대점),2025-12-23,,neutral,policy,예약 변경은 언제까지 가능한가요?,C:/Users/cutep/OneDrive/바탕 화면/yurim251202/VibeCoding/CareLog AI/data/step2_raw_complete.csv,
T0009,inquiry,PHARMACY,A약국(강남점),2025-12-23,,neutral,pickup,처방전 없이도 일반약 구매가 가능한가요?,C:/Users/cutep/OneDrive/바탕 화면/yurim251202/VibeCoding/CareLog AI/data/step2_raw_complete.csv,
T0010,inquiry,CHECKUP_CENTER,B검진센터(여의도점),2025-12-24,,neutral,prep,건강검진 전 금식이 필요한가요? 몇 시간인가요?,C:/Users/cutep/OneDrive/바탕 화면/yurim251202/VibeCoding/CareLog AI/data/step2_raw_complete.csv,
T0011,review,HOSPITAL,D정형외과(신촌점),2025-12-24,3.0,neutral,wait,진료는 괜찮았는데 대기가 조금 있었어요.,C:/Users/cutep/OneDrive/바탕 화면/yurim251202/VibeCoding/CareLog AI/data/step2_raw_complete.csv,
T0012,review,HOSPITAL,B이비인후과(강남역점),2025-12-24,1.0,negative,staff,응대가 불친절하게 느껴졌습니다.,C:/Users/cutep/OneDrive/바탕 화면/yurim251202/VibeCoding/CareLog AI/data/step2_raw_complete.csv,
T0013,review,PHARMACY,C약국(신촌점),2025-12-24,4.0,positive,staff,약 설명을 자세히 해주셔서 도움이 됐어요.,C:/Users/cutep/OneDrive/바탕 화면/yurim251202/VibeCoding/CareLog AI/data/step2_raw_complete.csv,
T0014,review,CHECKUP_CENTER,C검진센터(잠실점),2025-12-25,2.0,negative,process,검진 안내가 늦어서 일정이 밀렸어요.,C:/Users/cutep/OneDrive/바탕 화면/yurim251202/VibeCoding/CareLog AI/data/step2_raw_complete.csv,
T0015,inquiry,PHARMACY,C약국(신촌점),2025-12-25,,neutral,opening_hours,오늘 영업시간이 어떻게 되나요?,C:/Users/cutep/OneDrive/바탕 화면/yurim251202/VibeCoding/CareLog AI/data/step2_raw_complete.csv,
T0016,inquiry,HOSPITAL,A내과(강남점),2025-12-25,,neutral,reservation,내일 오후로 예약하고 싶어요.,C:/Users/cutep/OneDrive/바탕 화면/yurim251202/VibeCoding/CareLog AI/data/step2_raw_complete.csv,
T0017,inquiry,CHECKUP_CENTER,A검진센터(강남점),2025-12-25,,neutral,reservation,검진 예약 취소하려면 어떻게 하나요?,C:/Users/cutep/OneDrive/바탕 화면/yurim251202/VibeCoding/CareLog AI/data/step2_raw_complete.csv,
T0018,review,HOSPITAL,C의원(홍대점),2025-12-26,5.0,positive,clean,대기실이 깨끗하고 쾌적했습니다.,C:/Users/cutep/OneDrive/바탕 화면/yurim251202/VibeCoding/CareLog AI/data/step2_raw_complete.csv,
T0019,review,PHARMACY,A약국(강남점),2025-12-26,3.0,neutral,speed,조제는 빨랐지만 사람이 많았어요.,C:/Users/cutep/OneDrive/바탕 화면/yurim251202/VibeCoding/CareLog AI/data/step2_raw_complete.csv,
T0020,review,CHECKUP_CENTER,B검진센터(여의도점),2025-12-26,4.0,positive,staff,검진 기사님들이 친절했어요.,C:/Users/cutep/OneDrive/바탕 화면/yurim251202/VibeCoding/CareLog AI/data/step2_raw_complete.csv,
T0021,review,HOSPITAL,A내과(강남점),2025-12-27,4.0,positive,explain,검사 결과에 대해 핵심만 잘 설명해주셨어요.,C:/Users/cutep/OneDrive/바탕 화면/yurim251202/VibeCoding/CareLog AI/data/step2_raw_complete.csv,
T0022,review,HOSPITAL,A내과(강남점),2025-12-27,2.0,negative,wait,예약했는데도 40분 넘게 기다렸어요.,C:/Users/cutep/OneDrive/바탕 화면/yurim251202/VibeCoding/CareLog AI/data/step2_raw_complete.csv,
T0023,review,HOSPITAL,B이비인후과(강남역점),2025-12-27,5.0,positive,staff,간호사 분들이 친절해서 안심됐어요.,C:/Users/cutep/OneDrive/바탕 화면/yurim251202/VibeCoding/CareLog AI/data/step2_raw_complete.csv,
T0024,review,PHARMACY,B약국(홍대점),2025-12-27,4.0,positive,explain,복용 방법을 자세히 알려주셨어요.,C:/Users/cutep/OneDrive/바탕 화면/yurim251202/VibeCoding/CareLog AI/data/step2_raw_complete.csv,
T0025,review,PHARMACY,B약국(홍대점),2025-12-27,2.0,negative,wait,대기 줄이 길어서 오래 걸렸습니다.,C:/Users/cutep/OneDrive/바탕 화면/yurim251202/VibeCoding/CareLog AI/data/step2_raw_complete.csv,
T0026,review,CHECKUP_CENTER,A검진센터(강남점),2025-12-27,5.0,positive,process,예약 시간에 맞춰 빠르게 진행됐어요.,C:/Users/cutep/OneDrive/바탕 화면/yurim251202/VibeCoding/CareLog AI/data/step2_raw_complete.csv,
T0027,inquiry,HOSPITAL,C의원(홍대점),2025-12-27,,neutral,location,주차 가능한가요?,C:/Users/cutep/OneDrive/바탕 화면/yurim251202/VibeCoding/CareLog AI/data/step2_raw_complete.csv,
T0028,inquiry,HOSPITAL,C의원(홍대점),2025-12-27,,neutral,reservation,오늘 18시 이후 예약 가능할까요?,C:/Users/cutep/OneDrive/바탕 화면/yurim251202/VibeCoding/CareLog AI/data/step2_raw_complete.csv,
T0029,inquiry,PHARMACY,A약국(강남점),2025-12-27,,neutral,pickup,처방약 수령 예약하고 싶어요.,C:/Users/cutep/OneDrive/바탕 화면/yurim251202/VibeCoding/CareLog AI/data/step2_raw_complete.csv,
T0030,inquiry,CHECKUP_CENTER,B검진센터(여의도점),2025-12-27,,neutral,policy,검진 예약 변경은 수수료가 있나요?,C:/Users/cutep/OneDrive/바탕 화면/yurim251202/VibeCoding/CareLog AI/data/step2_raw_complete.csv,
T0031,review,HOSPITAL,D정형외과(신촌점),2025-12-28,4.0,positive,explain,치료 계획을 단계별로 설명해주셨어요.,C:/Users/cutep/OneDrive/바탕 화면/yurim251202/VibeCoding/CareLog AI/data/step2_raw_complete.csv,
T0032,review,HOSPITAL,D정형외과(신촌점),2025-12-28,2.0,negative,price,비용 안내가 부족해서 불안했습니다.,C:/Users/cutep/OneDrive/바탕 화면/yurim251202/VibeCoding/CareLog AI/data/step2_raw_complete.csv,
T0033,review,HOSPITAL,C의원(홍대점),2025-12-28,5.0,positive,speed,접수부터 진료까지 빨랐어요.,C:/Users/cutep/OneDrive/바탕 화면/yurim251202/VibeCoding/CareLog AI/data/step2_raw_complete.csv,
T0034,review,PHARMACY,C약국(신촌점),2025-12-28,2.0,negative,explain,복약 안내가 짧아서 아쉬웠어요.,C:/Users/cutep/OneDrive/바탕 화면/yurim251202/VibeCoding/CareLog AI/data/step2_raw_complete.csv,
T0035,review,PHARMACY,C약국(신촌점),2025-12-28,5.0,positive,staff,질문에 차분하게 답변해주셨어요.,C:/Users/cutep/OneDrive/바탕 화면/yurim251202/VibeCoding/CareLog AI/data/step2_raw_complete.csv,
T0036,review,CHECKUP_CENTER,C검진센터(잠실점),2025-12-28,4.0,positive,clean,시설이 깔끔하고 안내 표지판이 잘 되어 있어요.,C:/Users/cutep/OneDrive/바탕 화면/yurim251202/VibeCoding/CareLog AI/data/step2_raw_complete.csv,
T0037,inquiry,HOSPITAL,A내과(강남점),2025-12-28,,neutral,reservation,감기 증상인데 내과 예약하면 될까요?,C:/Users/cutep/OneDrive/바탕 화면/yurim251202/VibeCoding/CareLog AI/data/step2_raw_complete.csv,
T0038,inquiry,HOSPITAL,B이비인후과(강남역점),2025-12-28,,neutral,reservation,목이 아픈데 이비인후과 예약하고 싶어요.,C:/Users/cutep/OneDrive/바탕 화면/yurim251202/VibeCoding/CareLog AI/data/step2_raw_complete.csv,
T0039,inquiry,PHARMACY,B약국(홍대점),2025-12-28,,neutral,policy,예약 취소해도 불이익이 있나요?,C:/Users/cutep/OneDrive/바탕 화면/yurim251202/VibeCoding/CareLog AI/data/step2_raw_complete.csv,
T0040,inquiry,CHECKUP_CENTER,A검진센터(강남점),2025-12-28,,neutral,prep,검진 당일 물은 마셔도 되나요?,C:/Users/cutep/OneDrive/바탕 화면/yurim251202/VibeCoding/CareLog AI/data/step2_raw_complete.csv,
T0041,review,HOSPITAL,A내과(강남점),2025-12-29,3.0,neutral,clean,청결은 괜찮았지만 사람이 많았어요.,C:/Users/cutep/OneDrive/바탕 화면/yurim251202/VibeCoding/CareLog AI/data/step2_raw_complete.csv,
T0042,review,HOSPITAL,A내과(강남점),2025-12-29,1.0,negative,staff,응대가 딱딱해서 불편했습니다.,C:/Users/cutep/OneDrive/바탕 화면/yurim251202/VibeCoding/CareLog AI/data/step2_raw_complete.csv,
T0043,review,HOSPITAL,B이비인후과(강남역점),2025-12-29,4.0,positive,wait,대기 안내를 잘 해줘서 덜 답답했어요.,C:/Users/cutep/OneDrive/바탕 화면/yurim251202/VibeCoding/CareLog AI/data/step2_raw_complete.csv,
T0044,review,PHARMACY,A약국(강남점),2025-12-29,4.0,positive,price,가격을 미리 안내해줘서 좋았습니다.,C:/Users/cutep/OneDrive/바탕 화면/yurim251202/VibeCoding/CareLog AI/data/step2_raw_complete.csv,
T0045,review,PHARMACY,A약국(강남점),2025-12-29,2.0,negative,speed,조제 시간이 생각보다 오래 걸렸어요.,C:/Users/cutep/OneDrive/바탕 화면/yurim251202/VibeCoding/CareLog AI/data/step2_raw_complete.csv,
T0046,review,CHECKUP_CENTER,B검진센터(여의도점),2025-12-29,5.0,positive,process,접수-검진-수납 흐름이 매끄러웠어요.,C:/Users/cutep/OneDrive/바탕 화면/yurim251202/VibeCoding/CareLog AI/data/step2_raw_complete.csv,
T0047,inquiry,HOSPITAL,D정형외과(신촌점),2025-12-29,,neutral,reservation,이번 주 토요일 오전 예약 가능할까요?,C:/Users/cutep/OneDrive/바탕 화면/yurim251202/VibeCoding/CareLog AI/data/step2_raw_complete.csv,
T0048,inquiry,PHARMACY,C약국(신촌점),2025-12-29,,neutral,location,약국 위치가 어디인가요?,C:/Users/cutep/OneDrive/바탕 화면/yurim251202/VibeCoding/CareLog AI/data/step2_raw_complete.csv,
T0049,inquiry,CHECKUP_CENTER,C검진센터(잠실점),2025-12-29,,neutral,reservation,다음 주 검진 예약하고 싶어요.,C:/Users/cutep/OneDrive/바탕 화면/yurim251202/VibeCoding/CareLog AI/data/step2_raw_complete.csv,
T0050,inquiry,CHECKUP_CENTER,C검진센터(잠실점),2025-12-29,,neutral,policy,예약 취소 기한이 어떻게 되나요?,C:/Users/cutep/OneDrive/바탕 화면/yurim251202/VibeCoding/CareLog AI/data/step2_raw_complete.csv,
T0051,review,HOSPITAL,C의원(홍대점),2025-12-30,4.0,positive,staff,직원들이 친절해서 재방문 의사 있어요.,C:/Users/cutep/OneDrive/바탕 화면/yurim251202/VibeCoding/CareLog AI/data/step2_raw_complete.csv,
T0052,review,HOSPITAL,C의원(홍대점),2025-12-30,2.0,negative,wait,예약했는데도 대기 시간이 길었어요.,C:/Users/cutep/OneDrive/바탕 화면/yurim251202/VibeCoding/CareLog AI/data/step2_raw_complete.csv,
T0053,review,PHARMACY,B약국(홍대점),2025-12-30,5.0,positive,speed,대기 없이 바로 수령했습니다.,C:/Users/cutep/OneDrive/바탕 화면/yurim251202/VibeCoding/CareLog AI/data/step2_raw_complete.csv,
T0054,review,PHARMACY,B약국(홍대점),2025-12-30,3.0,neutral,price,가격은 무난했어요.,C:/Users/cutep/OneDrive/바탕 화면/yurim251202/VibeCoding/CareLog AI/data/step2_raw_complete.csv,
T0055,review,CHECKUP_CENTER,A검진센터(강남점),2025-12-30,4.0,positive,staff,검진 안내가 친절하고 자세했어요.,C:/Users/cutep/OneDrive/바탕 화면/yurim251202/VibeCoding/CareLog AI/data/step2_raw_complete.csv,
T0056,review,CHECKUP_CENTER,A검진센터(강남점),2025-12-30,2.0,negative,wait,검진 시작이 지연돼서 피곤했습니다.,C:/Users/cutep/OneDrive/바탕 화면/yurim251202/VibeCoding/CareLog AI/data/step2_raw_complete.csv,
T0057,inquiry,HOSPITAL,A내과(강남점),2025-12-30,,neutral,reservation,오늘 17:30 예약 가능한가요?,C:/Users/cutep/OneDrive/바탕 화면/yurim251202/VibeCoding/CareLog AI/data/step2_raw_complete.csv,
T0058,inquiry,HOSPITAL,A내과(강남점),2025-12-30,,neutral,policy,예약 변경은 몇 번까지 가능한가요?,C:/Users/cutep/OneDrive/바탕 화면/yurim251202/VibeCoding/CareLog AI/data/step2_raw_complete.csv,
T0059,inquiry,PHARMACY,A약국(강남점),2025-12-30,,neutral,pickup,처방 조제 예약 후 방문하면 바로 받을 수 있나요?,C:/Users/cutep/OneDrive/바탕 화면/yurim251202/VibeCoding/CareLog AI/data/step2_raw_complete.csv,
T0060,inquiry,CHECKUP_CENTER,B검진센터(여의도점),2025-12-30,,neutral,prep,검진 준비물(신분증 등)이 있나요?,C:/Users/cutep/OneDrive/바탕 화면/yurim251202/VibeCoding/CareLog AI/data/step2_raw_complete.csv,
T0061,review,HOSPITAL,D정형외과(신촌점),2025-12-31,5.0,positive,clean,시설이 깔끔하고 정돈되어 있어요.,C:/Users/cutep/OneDrive/바탕 화면/yurim251202/VibeCoding/CareLog AI/data/step2_raw_complete.csv,
T0062,review,HOSPITAL,D정형외과(신촌점),2025-12-31,2.0,negative,wait,대기 시간이 너무 길어서 힘들었습니다.,C:/Users/cutep/OneDrive/바탕 화면/yurim251202/VibeCoding/CareLog AI/data/step2_raw_complete.csv,
T0063,review,HOSPITAL,B이비인후과(강남역점),2025-12-31,4.0,positive,explain,치료 방법을 이해하기 쉽게 말해줬어요.,C:/Users/cutep/OneDrive/바탕 화면/yurim251202/VibeCoding/CareLog AI/data/step2_raw_complete.csv,
T0064,review,PHARMACY,C약국(신촌점),2025-12-31,4.0,positive,staff,약사님이 꼼꼼하게 설명해줬습니다.,C:/Users/cutep/OneDrive/바탕 화면/yurim251202/VibeCoding/CareLog AI/data/step2_raw_complete.csv,
T0065,review,PHARMACY,C약국(신촌점),2025-12-31,1.0,negative,staff,질문했는데 답이 성의 없었어요.,C:/Users/cutep/OneDrive/바탕 화면/yurim251202/VibeCoding/CareLog AI/data/step2_raw_complete.csv,
T0066,review,CHECKUP_CENTER,C검진센터(잠실점),2025-12-31,5.0,positive,process,검진이 빠르게 끝나서 만족했습니다.,C:/Users/cutep/OneDrive/바탕 화면/yurim251202/VibeCoding/CareLog AI/data/step2_raw_complete.csv,
T0067,inquiry,HOSPITAL,C의원(홍대점),2025-12-31,,neutral,reservation,내일 오전 진료 예약 가능해요?,C:/Users/cutep/OneDrive/바탕 화면/yurim251202/VibeCoding/CareLog AI/data/step2_raw_complete.csv,
T0068,inquiry,PHARMACY,B약국(홍대점),2025-12-31,,neutral,opening_hours,일요일에도 영업하나요?,C:/Users/cutep/OneDrive/바탕 화면/yurim251202/VibeCoding/CareLog AI/data/step2_raw_complete.csv,
T0069,inquiry,CHECKUP_CENTER,A검진센터(강남점),2025-12-31,,neutral,policy,검진 예약 변경하면 비용이 발생하나요?,C:/Users/cutep/OneDrive/바탕 화면/yurim251202/VibeCoding/CareLog AI/data/step2_raw_complete.csv,
T0070,inquiry,CHECKUP_CENTER,B검진센터(여의도점),2025-12-31,,neutral,location,여의도점 정확한 주소 알려주세요.,C:/Users/cutep/OneDrive/바탕 화면/yurim251202/VibeCoding/CareLog AI/data/step2_raw_complete.csv,
T0071,review,HOSPITAL,A내과(강남점),2025-12-18,4.0,positive,speed,예약하고 가니 접수가 빨랐어요.,C:/Users/cutep/OneDrive/바탕 화면/yurim251202/VibeCoding/CareLog AI/data/step2_raw_complete.csv,
T0072,review,HOSPITAL,B이비인후과(강남역점),2025-12-18,3.0,neutral,wait,대기 안내는 있었지만 그래도 기다렸어요.,C:/Users/cutep/OneDrive/바탕 화면/yurim251202/VibeCoding/CareLog AI/data/step2_raw_complete.csv,
T0073,review,CHECKUP_CENTER,B검진센터(여의도점),2025-12-18,2.0,negative,process,검진 순서가 바뀌어서 혼란스러웠습니다.,C:/Users/cutep/OneDrive/바탕 화면/yurim251202/VibeCoding/CareLog AI/data/step2_raw_complete.csv,
T0074,review,PHARMACY,A약국(강남점),2025-12-18,5.0,positive,explain,복용 시간까지 챙겨줘서 좋았어요.,C:/Users/cutep/OneDrive/바탕 화면/yurim251202/VibeCoding/CareLog AI/data/step2_raw_complete.csv,
T0075,inquiry,HOSPITAL,D정형외과(신촌점),2025-12-18,,neutral,reservation,무릎 통증인데 정형외과 예약하면 될까요?,C:/Users/cutep/OneDrive/바탕 화면/yurim251202/VibeCoding/CareLog AI/data/step2_raw_complete.csv,
T0076,inquiry,PHARMACY,C약국(신촌점),2025-12-18,,neutral,pickup,처방약이 준비되면 알림 받을 수 있나요?,C:/Users/cutep/OneDrive/바탕 화면/yurim251202/VibeCoding/CareLog AI/data/step2_raw_complete.csv,
T0077,inquiry,CHECKUP_CENTER,C검진센터(잠실점),2025-12-18,,neutral,prep,검진 전날 커피 마셔도 되나요?,C:/Users/cutep/OneDrive/바탕 화면/yurim251202/VibeCoding/CareLog AI/data/step2_raw_complete.csv,
T0078,review,HOSPITAL,C의원(홍대점),2025-12-19,4.0,positive,clean,대기실이 넓고 깨끗했어요.,C:/Users/cutep/OneDrive/바탕 화면/yurim251202/VibeCoding/CareLog AI/data/step2_raw_complete.csv,
T0079,review,HOSPITAL,C의원(홍대점),2025-12-19,2.0,negative,price,수납 과정에서 비용 설명이 부족했어요.,C:/Users/cutep/OneDrive/바탕 화면/yurim251202/VibeCoding/CareLog AI/data/step2_raw_complete.csv,
T0080,review,PHARMACY,B약국(홍대점),2025-12-19,4.0,positive,speed,대기 시간이 짧아서 좋았습니다.,C:/Users/cutep/OneDrive/바탕 화면/yurim251202/VibeCoding/CareLog AI/data/step2_raw_complete.csv,
T0081,review,CHECKUP_CENTER,A검진센터(강남점),2025-12-19,3.0,neutral,staff,응대는 무난했어요.,C:/Users/cutep/OneDrive/바탕 화면/yurim251202/VibeCoding/CareLog AI/data/step2_raw_complete.csv,
T0082,inquiry,HOSPITAL,A내과(강남점),2025-12-19,,neutral,reservation,오늘 16시나 17시 예약 가능할까요?,C:/Users/cutep/OneDrive/바탕 화면/yurim251202/VibeCoding/CareLog AI/data/step2_raw_complete.csv,
T0083,inquiry,HOSPITAL,B이비인후과(강남역점),2025-12-19,,neutral,location,강남역에서 가까운가요?,C:/Users/cutep/OneDrive/바탕 화면/yurim251202/VibeCoding/CareLog AI/data/step2_raw_complete.csv,
T0084,inquiry,PHARMACY,A약국(강남점),2025-12-19,,neutral,policy,예약 변경하면 대기 순번이 초기화되나요?,C:/Users/cutep/OneDrive/바탕 화면/yurim251202/VibeCoding/CareLog AI/data/step2_raw_complete.csv,
T0085,inquiry,CHECKUP_CENTER,B검진센터(여의도점),2025-12-19,,neutral,reservation,검진 예약 가능한 날짜가 언제부터인가요?,C:/Users/cutep/OneDrive/바탕 화면/yurim251202/VibeCoding/CareLog AI/data/step2_raw_complete.csv,
T0086,review,HOSPITAL,D정형외과(신촌점),2025-12-22,4.0,positive,staff,물리치료 안내를 친절히 해주셨어요.,C:/Users/cutep/OneDrive/바탕 화면/yurim251202/VibeCoding/CareLog AI/data/step2_raw_complete.csv,
T0087,review,PHARMACY,C약국(신촌점),2025-12-22,3.0,neutral,wait,사람이 많아 조금 기다렸어요.,C:/Users/cutep/OneDrive/바탕 화면/yurim251202/VibeCoding/CareLog AI/data/step2_raw_complete.csv,
T0088,review,CHECKUP_CENTER,C검진센터(잠실점),2025-12-22,2.0,negative,wait,예약 시간보다 늦게 시작했어요.,C:/Users/cutep/OneDrive/바탕 화면/yurim251202/VibeCoding/CareLog AI/data/step2_raw_complete.csv,
T0089,inquiry,HOSPITAL,C의원(홍대점),2025-12-22,,neutral,policy,당일 취소도 가능한가요?,C:/Users/cutep/OneDrive/바탕 화면/yurim251202/VibeCoding/CareLog AI/data/step2_raw_complete.csv,
T0090,inquiry,PHARMACY,B약국(홍대점),2025-12-22,,neutral,pickup,내일 오전 10시에 수령 예약하고 싶어요.,C:/Users/cutep/OneDrive/바탕 화면/yurim251202/VibeCoding/CareLog AI/data/step2_raw_complete.csv,
T0091,inquiry,CHECKUP_CENTER,A검진센터(강남점),2025-12-22,,neutral,reservation,다음 주 화요일 오전 검진 예약 가능한가요?,C:/Users/cutep/OneDrive/바탕 화면/yurim251202/VibeCoding/CareLog AI/data/step2_raw_complete.csv,
T0092,review,HOSPITAL,A내과(강남점),2025-12-23,5.0,positive,staff,응대가 친절하고 빠르게 처리됐어요.,C:/Users/cutep/OneDrive/바탕 화면/yurim251202/VibeCoding/CareLog AI/data/step2_raw_complete.csv,
T0093,review,PHARMACY,A약국(강남점),2025-12-23,2.0,negative,price,가격이 예상보다 비싸서 놀랐어요.,C:/Users/cutep/OneDrive/바탕 화면/yurim251202/VibeCoding/CareLog AI/data/step2_raw_complete.csv,
T0094,review,CHECKUP_CENTER,B검진센터(여의도점),2025-12-23,4.0,positive,clean,검진실이 깔끔했습니다.,C:/Users/cutep/OneDrive/바탕 화면/yurim251202/VibeCoding/CareLog AI/data/step2_raw_complete.csv,
T0095,inquiry,HOSPITAL,D정형외과(신촌점),2025-12-23,,neutral,reservation,내일 14시로 예약하고 싶습니다.,C:/Users/cutep/OneDrive/바탕 화면/yurim251202/VibeCoding/CareLog AI/data/step2_raw_complete.csv,
T0096,inquiry,PHARMACY,C약국(신촌점),2025-12-23,,neutral,opening_hours,점심시간에도 운영하나요?,C:/Users/cutep/OneDrive/바탕 화면/yurim251202/VibeCoding/CareLog AI/data/step2_raw_complete.csv,
T0097,inquiry,CHECKUP_CENTER,C검진센터(잠실점),2025-12-23,,neutral,policy,예약 변경은 몇 시간 전까지 가능한가요?,C:/Users/cutep/OneDrive/바탕 화면/yurim251202/VibeCoding/CareLog AI/data/step2_raw_complete.csv,
T0098,review,HOSPITAL,B이비인후과(강남역점),2025-12-26,4.0,positive,speed,접수가 빨라서 좋았어요.,C:/Users/cutep/OneDrive/바탕 화면/yurim251202/VibeCoding/CareLog AI/data/step2_raw_complete.csv,
T0099,review,HOSPITAL,B이비인후과(강남역점),2025-12-26,1.0,negative,wait,대기가 너무 길어서 힘들었습니다.,C:/Users/cutep/OneDrive/바탕 화면/yurim251202/VibeCoding/CareLog AI/data/step2_raw_complete.csv,
T0100,review,PHARMACY,B약국(홍대점),2025-12-26,5.0,positive,staff,약사님이 친절하고 설명이 좋아요.,C:/Users/cutep/OneDrive/바탕 화면/yurim251202/VibeCoding/CareLog AI/data/step2_raw_complete.csv,
T0101,review,PHARMACY,B약국(홍대점),2025-12-26,2.0,negative,wait,대기 줄이 길었어요.,C:/Users/cutep/OneDrive/바탕 화면/yurim251202/VibeCoding/CareLog AI/data/step2_raw_complete.csv,
T0102,review,CHECKUP_CENTER,A검진센터(강남점),2025-12-26,4.0,positive,process,예약 시간에 맞춰 진행됐습니다.,C:/Users/cutep/OneDrive/바탕 화면/yurim251202/VibeCoding/CareLog AI/data/step2_raw_complete.csv,
T0103,inquiry,HOSPITAL,A내과(강남점),2025-12-26,,neutral,reservation,내일 오전 예약 가능한가요?,C:/Users/cutep/OneDrive/바탕 화면/yurim251202/VibeCoding/CareLog AI/data/step2_raw_complete.csv,
T0104,inquiry,HOSPITAL,C의원(홍대점),2025-12-26,,neutral,reservation,홍대점에서 오늘 저녁 예약하고 싶어요.,C:/Users/cutep/OneDrive/바탕 화면/yurim251202/VibeCoding/CareLog AI/data/step2_raw_complete.csv,
T0105,inquiry,PHARMACY,A약국(강남점),2025-12-26,,neutral,pickup,처방 조제 완료되면 문자 받을 수 있나요?,C:/Users/cutep/OneDrive/바탕 화면/yurim251202/VibeCoding/CareLog AI/data/step2_raw_complete.csv,
T0106,inquiry,CHECKUP_CENTER,B검진센터(여의도점),2025-12-26,,neutral,prep,검진 전날 식사는 어떻게 해야 하나요?,C:/Users/cutep/OneDrive/바탕 화면/yurim251202/VibeCoding/CareLog AI/data/step2_raw_complete.csv,
T0107,review,HOSPITAL,C의원(홍대점),2025-12-27,4.0,positive,staff,접수 직원이 친절했습니다.,C:/Users/cutep/OneDrive/바탕 화면/yurim251202/VibeCoding/CareLog AI/data/step2_raw_complete.csv,
T0108,review,HOSPITAL,C의원(홍대점),2025-12-27,2.0,negative,clean,대기실이 조금 어수선했어요.,C:/Users/cutep/OneDrive/바탕 화면/yurim251202/VibeCoding/CareLog AI/data/step2_raw_complete.csv,
T0109,review,PHARMACY,C약국(신촌점),2025-12-27,4.0,positive,explain,복약 주의사항을 잘 알려줬어요.,C:/Users/cutep/OneDrive/바탕 화면/yurim251202/VibeCoding/CareLog AI/data/step2_raw_complete.csv,
T0110,review,CHECKUP_CENTER,C검진센터(잠실점),2025-12-27,3.0,neutral,process,전체적으로 무난했지만 안내가 조금 부족했어요.,C:/Users/cutep/OneDrive/바탕 화면/yurim251202/VibeCoding/CareLog AI/data/step2_raw_complete.csv,
T0111,inquiry,HOSPITAL,B이비인후과(강남역점),2025-12-27,,neutral,policy,예약 변경/취소 규정 알려주세요.,C:/Users/cutep/OneDrive/바탕 화면/yurim251202/VibeCoding/CareLog AI/data/step2_raw_complete.csv,
T0112,inquiry,PHARMACY,B약국(홍대점),2025-12-27,,neutral,location,홍대입구역에서 도보 몇 분인가요?,C:/Users/cutep/OneDrive/바탕 화면/yurim251202/VibeCoding/CareLog AI/data/step2_raw_complete.csv,
T0113,inquiry,CHECKUP_CENTER,A검진센터(강남점),2025-12-27,,neutral,reservation,내일 9시 검진 예약 가능한가요?,C:/Users/cutep/OneDrive/바탕 화면/yurim251202/VibeCoding/CareLog AI/data/step2_raw_complete.csv,
T0114,review,HOSPITAL,A내과(강남점),2025-12-28,5.0,positive,clean,시설이 깨끗해서 좋았습니다.,C:/Users/cutep/OneDrive/바탕 화면/yurim251202/VibeCoding/CareLog AI/data/step2_raw_complete.csv,
T0115,review,PHARMACY,A약국(강남점),2025-12-28,3.0,neutral,staff,응대는 보통이었어요.,C:/Users/cutep/OneDrive/바탕 화면/yurim251202/VibeCoding/CareLog AI/data/step2_raw_complete.csv,
T0116,review,CHECKUP_CENTER,B검진센터(여의도점),2025-12-28,2.0,negative,wait,검진 대기 시간이 길었어요.,C:/Users/cutep/OneDrive/바탕 화면/yurim251202/VibeCoding/CareLog AI/data/step2_raw_complete.csv,
T0117,inquiry,HOSPITAL,D정형외과(신촌점),2025-12-28,,neutral,reservation,허리 통증 상담 예약 가능할까요?,C:/Users/cutep/OneDrive/바탕 화면/yurim251202/VibeCoding/CareLog AI/data/step2_raw_complete.csv,
T0118,inquiry,PHARMACY,C약국(신촌점),2025-12-28,,neutral,pickup,오늘 19시 이후 수령 예약 가능한가요?,C:/Users/cutep/OneDrive/바탕 화면/yurim251202/VibeCoding/CareLog AI/data/step2_raw_complete.csv,
T0119,inquiry,CHECKUP_CENTER,C검진센터(잠실점),2025-12-28,,neutral,prep,검진 전에 약 복용은 어떻게 하나요?,C:/Users/cutep/OneDrive/바탕 화면/yurim251202/VibeCoding/CareLog AI/data/step2_raw_complete.csv,
T0120,review,HOSPITAL,B이비인후과(강남역점),2025-12-30,4.0,positive,staff,설명이 친절해서 좋았습니다.,C:/Users/cutep/OneDrive/바탕 화면/yurim251202/VibeCoding/CareLog AI/data/step2_raw_complete.csv,
AIHUB_00001_475bf980,dataset,HOSPITAL,AI Hub,2026-01-05T12:38:50.278376+00:00,,,,진료비는 어떻게 결제하나요?,C:/Users/cutep/OneDrive/바탕 화면/yurim251202/VibeCoding/CareLog AI/data/step2_raw_complete.csv,https://aihub.or.kr/dataset/medical_conversation
AIHUB_00002_e7fb152f,dataset,HOSPITAL,AI Hub,2026-01-05T12:38:50.278376+00:00,,,,내과 진료 예약하고 싶은데 오늘 가능한가요?,C:/Users/cutep/OneDrive/바탕 화면/yurim251202/VibeCoding/CareLog AI/data/step2_raw_complete.csv,https://aihub.or.kr/dataset/medical_conversation
AIHUB_00003_6a297328,dataset,HOSPITAL,AI Hub,2026-01-05T12:38:50.278376+00:00,,,,진료 과목은 어떤 게 있나요?,C:/Users/cutep/OneDrive/바탕 화면/yurim251202/VibeCoding/CareLog AI/data/step2_raw_complete.csv,https://aihub.or.kr/dataset/medical_conversation
AIHUB_00004_930c9d64,dataset,HOSPITAL,AI Hub,2026-01-05T12:38:50.278376+00:00,,,,병원 위치가 어디인가요?,C:/Users/cutep/OneDrive/바탕 화면/yurim251202/VibeCoding/CareLog AI/data/step2_raw_complete.csv,https://aihub.or.kr/dataset/medical_conversation
AIHUB_00006_72de7852,dataset,HOSPITAL,AI Hub,2026-01-05T12:38:50.278376+00:00,,,,건강보험 적용되나요?,C:/Users/cutep/OneDrive/바탕 화면/yurim251202/VibeCoding/CareLog AI/data/step2_raw_complete.csv,https://aihub.or.kr/dataset/medical_conversation
AIHUB_00008_7585912c,dataset,HOSPITAL,AI Hub,2026-01-05T12:38:50.278376+00:00,,,,복통이 심한데 바로 진료 가능한가요?,C:/Users/cutep/OneDrive/바탕 화면/yurim251202/VibeCoding/CareLog AI/data/step2_raw_complete.csv,https://aihub.or.kr/dataset/medical_conversation
AIHUB_00009_e5713ac0,dataset,HOSPITAL,AI Hub,2026-01-05T12:38:50.278376+00:00,,,,예약 없이 당일 접수 가능한가요?,C:/Users/cutep/OneDrive/바탕 화면/yurim251202/VibeCoding/CareLog AI/data/step2_raw_complete.csv,https://aihub.or.kr/dataset/medical_conversation
AIHUB_00010_66850c3c,dataset,PHARMACY,AI Hub,2026-01-05T12:38:50.278376+00:00,,,,두통약 처방받고 싶어요.,C:/Users/cutep/OneDrive/바탕 화면/yurim251202/VibeCoding/CareLog AI/data/step2_raw_complete.csv,https://aihub.or.kr/dataset/medical_conversation
AIHUB_00011_13e1b633,dataset,CHECKUP_CENTER,AI Hub,2026-01-05T12:38:50.278376+00:00,,,,혈액 검사 결과는 언제 나오나요?,C:/Users/cutep/OneDrive/바탕 화면/yurim251202/VibeCoding/CareLog AI/data/step2_raw_complete.csv,https://aihub.or.kr/dataset/medical_conversation
AIHUB_00012_5671b98b,dataset,HOSPITAL,AI Hub,2026-01-05T12:38:50.278376+00:00,,,,진료 예약을 변경하고 싶어요. 어떻게 하나요?,C:/Users/cutep/OneDrive/바탕 화면/yurim251202/VibeCoding/CareLog AI/data/step2_raw_complete.csv,https://aihub.or.kr/dataset/medical_conversation
AIHUB_00015_a1b6fb5e,dataset,HOSPITAL,AI Hub,2026-01-05T12:38:50.278376+00:00,,,,주차 가능한가요?,C:/Users/cutep/OneDrive/바탕 화면/yurim251202/VibeCoding/CareLog AI/data/step2_raw_complete.csv,https://aihub.or.kr/dataset/medical_conversation
AIHUB_00017_d93c2bdd,dataset,HOSPITAL,AI Hub,2026-01-05T12:38:50.278376+00:00,,,,감기 증상인데 어느 과에 가야 하나요?,C:/Users/cutep/OneDrive/바탕 화면/yurim251202/VibeCoding/CareLog AI/data/step2_raw_complete.csv,https://aihub.or.kr/dataset/medical_conversation
AIHUB_00018_f1ee208b,dataset,HOSPITAL,AI Hub,2026-01-05T12:38:50.278376+00:00,,,,진료 기록 발급 받으려면 어떻게 하나요?,C:/Users/cutep/OneDrive/바탕 화면/yurim251202/VibeCoding/CareLog AI/data/step2_raw_complete.csv,https://aihub.or.kr/dataset/medical_conversation
AIHUB_00025_0b2a0d65,dataset,HOSPITAL,AI Hub,2026-01-05T12:38:50.278376+00:00,,,,입원 상담은 어디서 하나요?,C:/Users/cutep/OneDrive/바탕 화면/yurim251202/VibeCoding/CareLog AI/data/step2_raw_complete.csv,https://aihub.or.kr/dataset/medical_conversation
AIHUB_00029_501615cf,dataset,HOSPITAL,AI Hub,2026-01-05T12:38:50.278376+00:00,,,,진료 시간이 어떻게 되시나요?,C:/Users/cutep/OneDrive/바탕 화면/yurim251202/VibeCoding/CareLog AI/data/step2_raw_complete.csv,https://aihub.or.kr/dataset/medical_conversation
AIHUB_00031_216deae7,dataset,HOSPITAL,AI Hub,2026-01-05T12:38:50.278376+00:00,,,,진료 대기 시간이 얼마나 걸리나요?,C:/Users/cutep/OneDrive/바탕 화면/yurim251202/VibeCoding/CareLog AI/data/step2_raw_complete.csv,https://aihub.or.kr/dataset/medical_conversation
AIHUB_00038_92b4a760,dataset,CHECKUP_CENTER,AI Hub,2026-01-05T12:38:50.278376+00:00,,,,초음파 검사는 어떻게 예약하나요?,C:/Users/cutep/OneDrive/바탕 화면/yurim251202/VibeCoding/CareLog AI/data/step2_raw_complete.csv,https://aihub.or.kr/dataset/medical_conversation
AIHUB_00040_3ddeefe2,dataset,CHECKUP_CENTER,AI Hub,2026-01-05T12:38:50.278376+00:00,,,,MRI 검사 예약하고 싶어요.,C:/Users/cutep/OneDrive/바탕 화면/yurim251202/VibeCoding/CareLog AI/data/step2_raw_complete.csv,https://aihub.or.kr/dataset/medical_conversation
AIHUB_00051_751ee28e,dataset,HOSPITAL,AI Hub,2026-01-05T12:38:50.278376+00:00,,,,예약 취소는 언제까지 가능한가요?,C:/Users/cutep/OneDrive/바탕 화면/yurim251202/VibeCoding/CareLog AI/data/step2_raw_complete.csv,https://aihub.or.kr/dataset/medical_conversation
AIHUB_00071_ce864df8,dataset,HOSPITAL,AI Hub,2026-01-05T12:38:50.278376+00:00,,,,항생제 복용 중인데 술 마셔도 되나요?,C:/Users/cutep/OneDrive/바탕 화면/yurim251202/VibeCoding/CareLog AI/data/step2_raw_complete.csv,https://aihub.or.kr/dataset/medical_conversation
AIHUB_00072_d2f4e252,dataset,HOSPITAL,AI Hub,2026-01-05T12:38:50.278376+00:00,,,,일요일에도 영업하나요?,C:/Users/cutep/OneDrive/바탕 화면/yurim251202/VibeCoding/CareLog AI/data/step2_raw_complete.csv,https://aihub.or.kr/dataset/medical_conversation
AIHUB_00073_4e1dc8b8,dataset,HOSPITAL,AI Hub,2026-01-05T12:38:50.278376+00:00,,,,약 가격이 얼마인가요?,C:/Users/cutep/OneDrive/바탕 화면/yurim251202/VibeCoding/CareLog AI/data/step2_raw_complete.csv,https://aihub.or.kr/dataset/medical_conversation
AIHUB_00074_6dfd8b97,dataset,HOSPITAL,AI Hub,2026-01-05T12:38:50.278376+00:00,,,,약 반납은 어떻게 하나요?,C:/Users/cutep/OneDrive/바탕 화면/yurim251202/VibeCoding/CareLog AI/data/step2_raw_complete.csv,https://aihub.or.kr/dataset/medical_conversation
AIHUB_00077_41c9ffa1,dataset,PHARMACY,AI Hub,2026-01-05T12:38:50.278376+00:00,,,,처방약 조제 시간이 얼마나 걸리나요?,C:/Users/cutep/OneDrive/바탕 화면/yurim251202/VibeCoding/CareLog AI/data/step2_raw_complete.csv,https://aihub.or.kr/dataset/medical_conversation
AIHUB_00078_c6d9e288,dataset,HOSPITAL,AI Hub,2026-01-05T12:38:50.278376+00:00,,,,진통제 부작용이 있나요?,C:/Users/cutep/OneDrive/바탕 화면/yurim251202/VibeCoding/CareLog AI/data/step2_raw_complete.csv,https://aihub.or.kr/dataset/medical_conversation
AIHUB_00080_4aa1e893,dataset,PHARMACY,AI Hub,2026-01-05T12:38:50.278376+00:00,,,,조제 완료되면 알림 받을 수 있나요?,C:/Users/cutep/OneDrive/바탕 화면/yurim251202/VibeCoding/CareLog AI/data/step2_raw_complete.csv,https://aihub.or.kr/dataset/medical_conversation
AIHUB_00081_310c4bda,dataset,HOSPITAL,AI Hub,2026-01-05T12:38:50.278376+00:00,,,,소화제는 어떤 게 좋나요?,C:/Users/cutep/OneDrive/바탕 화면/yurim251202/VibeCoding/CareLog AI/data/step2_raw_complete.csv,https://aihub.or.kr/dataset/medical_conversation
AIHUB_00083_867c2c68,dataset,PHARMACY,AI Hub,2026-01-05T12:38:50.278376+00:00,,,,약국 운영 시간이 어떻게 되나요?,C:/Users/cutep/OneDrive/바탕 화면/yurim251202/VibeCoding/CareLog AI/data/step2_raw_complete.csv,https://aihub.or.kr/dataset/medical_conversation
AIHUB_00085_a2b63609,dataset,HOSPITAL,AI Hub,2026-01-05T12:38:50.278376+00:00,,,,감기약 추천해주세요.,C:/Users/cutep/OneDrive/바탕 화면/yurim251202/VibeCoding/CareLog AI/data/step2_raw_complete.csv,https://aihub.or.kr/dataset/medical_conversation
AIHUB_00086_74327b0f,dataset,HOSPITAL,AI Hub,2026-01-05T12:38:50.278376+00:00,,,,약 복용 방법 상담 가능한가요?,C:/Users/cutep/OneDrive/바탕 화면/yurim251202/VibeCoding/CareLog AI/data/step2_raw_complete.csv,https://aihub.or.kr/dataset/medical_conversation
AIHUB_00094_041e8205,dataset,HOSPITAL,AI Hub,2026-01-05T12:38:50.278376+00:00,,,,약 배달 서비스가 있나요?,C:/Users/cutep/OneDrive/바탕 화면/yurim251202/VibeCoding/CareLog AI/data/step2_raw_complete.csv,https://aihub.or.kr/dataset/medical_conversation
AIHUB_00095_dd44f4fc,dataset,PHARMACY,AI Hub,2026-01-05T12:38:50.278376+00:00,,,,처방전 유효기간이 어떻게 되나요?,C:/Users/cutep/OneDrive/바탕 화면/yurim251202/VibeCoding/CareLog AI/data/step2_raw_complete.csv,https://aihub.or.kr/dataset/medical_conversation
AIHUB_00096_9e978507,dataset,HOSPITAL,AI Hub,2026-01-05T12:38:50.278376+00:00,,,,건강보험 적용 약인가요?,C:/Users/cutep/OneDrive/바탕 화면/yurim251202/VibeCoding/CareLog AI/data/step2_raw_complete.csv,https://aihub.or.kr/dataset/medical_conversation
AIHUB_00098_3c10ee6e,dataset,PHARMACY,AI Hub,2026-01-05T12:38:50.278376+00:00,,,,처방전 없이도 약 구매 가능한가요?,C:/Users/cutep/OneDrive/바탕 화면/yurim251202/VibeCoding/CareLog AI/data/step2_raw_complete.csv,https://aihub.or.kr/dataset/medical_conversation
AIHUB_00116_ac388a2f,dataset,CHECKUP_CENTER,AI Hub,2026-01-05T12:38:50.278376+00:00,,,,유방암 검진은 포함되나요?,C:/Users/cutep/OneDrive/바탕 화면/yurim251202/VibeCoding/CareLog AI/data/step2_raw_complete.csv,https://aihub.or.kr/dataset/medical_conversation
AIHUB_00117_387a770c,dataset,CHECKUP_CENTER,AI Hub,2026-01-05T12:38:50.278376+00:00,,,,검진 전 복용 중인 약은 어떻게 하나요?,C:/Users/cutep/OneDrive/바탕 화면/yurim251202/VibeCoding/CareLog AI/data/step2_raw_complete.csv,https://aihub.or.kr/dataset/medical_conversation
AIHUB_00118_4563f024,dataset,CHECKUP_CENTER,AI Hub,2026-01-05T12:38:50.278376+00:00,,,,검진 소요 시간이 얼마나 걸리나요?,C:/Users/cutep/OneDrive/바탕 화면/yurim251202/VibeCoding/CareLog AI/data/step2_raw_complete.csv,https://aihub.or.kr/dataset/medical_conversation
AIHUB_00119_dcb374ad,dataset,CHECKUP_CENTER,AI Hub,2026-01-05T12:38:50.278376+00:00,,,,국가건강검진 대상자인지 확인하고 싶어요.,C:/Users/cutep/OneDrive/바탕 화면/yurim251202/VibeCoding/CareLog AI/data/step2_raw_complete.csv,https://aihub.or.kr/dataset/medical_conversation
AIHUB_00121_bf806f85,dataset,CHECKUP_CENTER,AI Hub,2026-01-05T12:38:50.278376+00:00,,,,검진 예약 취소 수수료가 있나요?,C:/Users/cutep/OneDrive/바탕 화면/yurim251202/VibeCoding/CareLog AI/data/step2_raw_complete.csv,https://aihub.or.kr/dataset/medical_conversation
AIHUB_00122_8ed158d7,dataset,CHECKUP_CENTER,AI Hub,2026-01-05T12:38:50.278376+00:00,,,,검진 결과 상담은 어떻게 받나요?,C:/Users/cutep/OneDrive/바탕 화면/yurim251202/VibeCoding/CareLog AI/data/step2_raw_complete.csv,https://aihub.or.kr/dataset/medical_conversation
AIHUB_00125_5158f4d2,dataset,CHECKUP_CENTER,AI Hub,2026-01-05T12:38:50.278376+00:00,,,,재검사가 필요하다고 나왔는데 어떻게 하나요?,C:/Users/cutep/OneDrive/바탕 화면/yurim251202/VibeCoding/CareLog AI/data/step2_raw_complete.csv,https://aihub.or.kr/dataset/medical_conversation
AIHUB_00126_09096249,dataset,CHECKUP_CENTER,AI Hub,2026-01-05T12:38:50.278376+00:00,,,,자궁경부암 검진도 같이 받을 수 있나요?,C:/Users/cutep/OneDrive/바탕 화면/yurim251202/VibeCoding/CareLog AI/data/step2_raw_complete.csv,https://aihub.or.kr/dataset/medical_conversation
AIHUB_00129_b4ec85f9,dataset,HOSPITAL,AI Hub,2026-01-05T12:38:50.278376+00:00,,,,대장내시경은 어떻게 준비하나요?,C:/Users/cutep/OneDrive/바탕 화면/yurim251202/VibeCoding/CareLog AI/data/step2_raw_complete.csv,https://aihub.or.kr/dataset/medical_conversation
AIHUB_00132_efcc8d57,dataset,HOSPITAL,AI Hub,2026-01-05T12:38:50.278376+00:00,,,,신분증 꼭 가져가야 하나요?,C:/Users/cutep/OneDrive/바탕 화면/yurim251202/VibeCoding/CareLog AI/data/step2_raw_complete.csv,https://aihub.or.kr/dataset/medical_conversation
AIHUB_00133_b313923d,dataset,CHECKUP_CENTER,AI Hub,2026-01-05T12:38:50.278376+00:00,,,,검진 당일 준비물이 있나요?,C:/Users/cutep/OneDrive/바탕 화면/yurim251202/VibeCoding/CareLog AI/data/step2_raw_complete.csv,https://aihub.or.kr/dataset/medical_conversation
AIHUB_00134_c35a98df,dataset,CHECKUP_CENTER,AI Hub,2026-01-05T12:38:50.278376+00:00,,,,검진 전날 물은 마셔도 되나요?,C:/Users/cutep/OneDrive/바탕 화면/yurim251202/VibeCoding/CareLog AI/data/step2_raw_complete.csv,https://aihub.or.kr/dataset/medical_conversation
AIHUB_00135_ca2e57e7,dataset,CHECKUP_CENTER,AI Hub,2026-01-05T12:38:50.278376+00:00,,,,검진 전 금식이 필요한가요?,C:/Users/cutep/OneDrive/바탕 화면/yurim251202/VibeCoding/CareLog AI/data/step2_raw_complete.csv,https://aihub.or.kr/dataset/medical_conversation
AIHUB_00136_ea4350ee,dataset,CHECKUP_CENTER,AI Hub,2026-01-05T12:38:50.278376+00:00,,,,검진 당일 커피 마셔도 되나요?,C:/Users/cutep/OneDrive/바탕 화면/yurim251202/VibeCoding/CareLog AI/data/step2_raw_complete.csv,https://aihub.or.kr/dataset/medical_conversation
AIHUB_00138_78974b0c,dataset,CHECKUP_CENTER,AI Hub,2026-01-05T12:38:50.278376+00:00,,,,검진 결과는 언제 나오나요?,C:/Users/cutep/OneDrive/바탕 화면/yurim251202/VibeCoding/CareLog AI/data/step2_raw_complete.csv,https://aihub.or.kr/dataset/medical_conversation
AIHUB_00140_3902cc65,dataset,CHECKUP_CENTER,AI Hub,2026-01-05T12:38:50.278376+00:00,,,,검진센터 위치가 어디인가요?,C:/Users/cutep/OneDrive/바탕 화면/yurim251202/VibeCoding/CareLog AI/data/step2_raw_complete.csv,https://aihub.or.kr/dataset/medical_conversation
AIHUB_00149_65550817,dataset,CHECKUP_CENTER,AI Hub,2026-01-05T12:38:50.278376+00:00,,,,건강검진 예약하고 싶어요.,C:/Users/cutep/OneDrive/바탕 화면/yurim251202/VibeCoding/CareLog AI/data/step2_raw_complete.csv,https://aihub.or.kr/dataset/medical_conversation
FAQ_HOSP_0001,faq,HOSPITAL,서울대학교병원,2026-01-05T12:49:22.010485+00:00,,,,"예약 변경은 진료 시작 1시간 전까지 가능하며, 홈페이지에서 직접 변경하실 수 있습니다.",C:/Users/cutep/OneDrive/바탕 화면/yurim251202/VibeCoding/CareLog AI/data/step2_raw_complete.csv,https://example.com/hospital/faq
FAQ_HOSP_0002,faq,HOSPITAL,서울아산병원,2026-01-05T12:49:22.010485+00:00,,,,진료비 세부 내역은 홈페이지에서 조회 가능합니다.,C:/Users/cutep/OneDrive/바탕 화면/yurim251202/VibeCoding/CareLog AI/data/step2_raw_complete.csv,https://example.com/hospital/faq
FAQ_HOSP_0003,faq,HOSPITAL,삼성서울병원,2026-01-05T12:49:22.010485+00:00,,,,재진 환자는 이전 진료 기록을 바탕으로 빠른 접수가 가능합니다.,C:/Users/cutep/OneDrive/바탕 화면/yurim251202/VibeCoding/CareLog AI/data/step2_raw_complete.csv,https://example.com/hospital/faq
FAQ_HOSP_0004,faq,HOSPITAL,경희대학교병원,2026-01-05T12:49:22.010485+00:00,,,,"비급여 항목은 수납 전 안내드리며, 사전 문의도 가능합니다.",C:/Users/cutep/OneDrive/바탕 화면/yurim251202/VibeCoding/CareLog AI/data/step2_raw_complete.csv,https://example.com/hospital/faq
FAQ_HOSP_0005,faq,HOSPITAL,삼성서울병원,2026-01-05T12:49:22.010485+00:00,,,,"카드 결제, 현금, 계좌이체 모두 가능하며, 영수증은 자동 발급됩니다.",C:/Users/cutep/OneDrive/바탕 화면/yurim251202/VibeCoding/CareLog AI/data/step2_raw_complete.csv,https://example.com/hospital/faq
FAQ_HOSP_0006,faq,HOSPITAL,경희대학교병원,2026-01-05T12:49:22.010485+00:00,,,,"편의점과 카페는 본관 1층에 있으며, 오전 7시부터 오후 8시까지 이용 가능합니다.",C:/Users/cutep/OneDrive/바탕 화면/yurim251202/VibeCoding/CareLog AI/data/step2_raw_complete.csv,https://example.com/hospital/faq
FAQ_HOSP_0008,faq,HOSPITAL,경희대학교병원,2026-01-05T12:49:22.010485+00:00,,,,혈액 검사 결과는 당일 오후 또는 익일 오전 확인 가능합니다.,C:/Users/cutep/OneDrive/바탕 화면/yurim251202/VibeCoding/CareLog AI/data/step2_raw_complete.csv,https://example.com/hospital/faq
FAQ_HOSP_0009,faq,HOSPITAL,가톨릭대서울성모병원,2026-01-05T12:49:22.010485+00:00,,,,"진료 예약은 전화, 홈페이지, 모바일 앱을 통해 가능합니다.",C:/Users/cutep/OneDrive/바탕 화면/yurim251202/VibeCoding/CareLog AI/data/step2_raw_complete.csv,https://example.com/hospital/faq
FAQ_HOSP_0011,faq,HOSPITAL,가톨릭대서울성모병원,2026-01-05T12:49:22.010485+00:00,,,,진료 시 신분증과 건강보험증을 지참해 주시기 바랍니다.,C:/Users/cutep/OneDrive/바탕 화면/yurim251202/VibeCoding/CareLog AI/data/step2_raw_complete.csv,https://example.com/hospital/faq
FAQ_HOSP_0012,faq,HOSPITAL,서울대학교병원,2026-01-05T12:49:22.010485+00:00,,,,휠체어 및 유모차 대여는 안내 데스크에서 신분증 맡기시면 무료로 이용하실 수 있습니다.,C:/Users/cutep/OneDrive/바탕 화면/yurim251202/VibeCoding/CareLog AI/data/step2_raw_complete.csv,https://example.com/hospital/faq
FAQ_HOSP_0013,faq,HOSPITAL,연세세브란스병원,2026-01-05T12:49:22.010485+00:00,,,,"초음파 검사는 당일 예약 가능하며, 검사 전 4시간 금식이 필요합니다.",C:/Users/cutep/OneDrive/바탕 화면/yurim251202/VibeCoding/CareLog AI/data/step2_raw_complete.csv,https://example.com/hospital/faq
FAQ_HOSP_0014,faq,HOSPITAL,연세세브란스병원,2026-01-05T12:49:22.010485+00:00,,,,"병원 내 약국은 1층에 위치하며, 평일 오전 9시부터 오후 6시까지 운영됩니다.",C:/Users/cutep/OneDrive/바탕 화면/yurim251202/VibeCoding/CareLog AI/data/step2_raw_complete.csv,https://example.com/hospital/faq
FAQ_HOSP_0020,faq,HOSPITAL,가톨릭대서울성모병원,2026-01-05T12:49:22.010485+00:00,,,,예약 취소는 진료 당일 오전 9시 이전까지 가능합니다.,C:/Users/cutep/OneDrive/바탕 화면/yurim251202/VibeCoding/CareLog AI/data/step2_raw_complete.csv,https://example.com/hospital/faq
FAQ_HOSP_0021,faq,HOSPITAL,삼성서울병원,2026-01-05T12:49:22.010485+00:00,,,,"MRI 검사는 예약제로 운영되며, 평균 대기 기간은 3~5일입니다.",C:/Users/cutep/OneDrive/바탕 화면/yurim251202/VibeCoding/CareLog AI/data/step2_raw_complete.csv,https://example.com/hospital/faq
FAQ_HOSP_0024,faq,HOSPITAL,경희대학교병원,2026-01-05T12:49:22.010485+00:00,,,,"X-ray 검사는 예약 없이 접수 가능하며, 촬영 후 10~20분 내 결과 확인이 가능합니다.",C:/Users/cutep/OneDrive/바탕 화면/yurim251202/VibeCoding/CareLog AI/data/step2_raw_complete.csv,https://example.com/hospital/faq
FAQ_HOSP_0030,faq,HOSPITAL,서울대학교병원,2026-01-05T12:49:22.010485+00:00,,,,진단서 발급은 진료과에서 신청 후 원무과에서 수령 가능합니다.,C:/Users/cutep/OneDrive/바탕 화면/yurim251202/VibeCoding/CareLog AI/data/step2_raw_complete.csv,https://example.com/hospital/faq
FAQ_HOSP_0032,faq,HOSPITAL,서울아산병원,2026-01-05T12:49:22.010485+00:00,,,,야간 진료는 평일 오후 6시부터 9시까지 운영됩니다.,C:/Users/cutep/OneDrive/바탕 화면/yurim251202/VibeCoding/CareLog AI/data/step2_raw_complete.csv,https://example.com/hospital/faq
FAQ_HOSP_0033,faq,HOSPITAL,가톨릭대서울성모병원,2026-01-05T12:49:22.010485+00:00,,,,환자 보호자는 1인까지 병실 출입이 가능합니다.,C:/Users/cutep/OneDrive/바탕 화면/yurim251202/VibeCoding/CareLog AI/data/step2_raw_complete.csv,https://example.com/hospital/faq
FAQ_HOSP_0041,faq,HOSPITAL,서울대학교병원,2026-01-05T12:49:22.010485+00:00,,,,진료비는 수납 창구 또는 자동수납기에서 결제 가능합니다.,C:/Users/cutep/OneDrive/바탕 화면/yurim251202/VibeCoding/CareLog AI/data/step2_raw_complete.csv,https://example.com/hospital/faq
FAQ_HOSP_0043,faq,HOSPITAL,삼성서울병원,2026-01-05T12:49:22.010485+00:00,,,,"면회 시간은 평일 오후 6시부터 8시까지이며, 주말은 오전 10시부터 오후 6시까지입니다.",C:/Users/cutep/OneDrive/바탕 화면/yurim251202/VibeCoding/CareLog AI/data/step2_raw_complete.csv,https://example.com/hospital/faq
FAQ_HOSP_0044,faq,HOSPITAL,서울아산병원,2026-01-05T12:49:22.010485+00:00,,,,"응급실은 24시간 운영되며, 중증 환자 우선 진료 원칙을 따릅니다.",C:/Users/cutep/OneDrive/바탕 화면/yurim251202/VibeCoding/CareLog AI/data/step2_raw_complete.csv,https://example.com/hospital/faq
FAQ_HOSP_0053,faq,HOSPITAL,서울아산병원,2026-01-05T12:49:22.010485+00:00,,,,당일 예약은 오전 9시부터 선착순으로 접수됩니다.,C:/Users/cutep/OneDrive/바탕 화면/yurim251202/VibeCoding/CareLog AI/data/step2_raw_complete.csv,https://example.com/hospital/faq
FAQ_HOSP_0055,faq,HOSPITAL,가톨릭대서울성모병원,2026-01-05T12:49:22.010485+00:00,,,,의료 기록 열람 및 사본 발급은 환자 본인 또는 법정 대리인만 가능합니다.,C:/Users/cutep/OneDrive/바탕 화면/yurim251202/VibeCoding/CareLog AI/data/step2_raw_complete.csv,https://example.com/hospital/faq
FAQ_HOSP_0057,faq,HOSPITAL,연세세브란스병원,2026-01-05T12:49:22.010485+00:00,,,,초진 환자는 전화 예약 후 방문 30분 전 도착을 권장합니다.,C:/Users/cutep/OneDrive/바탕 화면/yurim251202/VibeCoding/CareLog AI/data/step2_raw_complete.csv,https://example.com/hospital/faq
FAQ_HOSP_0061,faq,HOSPITAL,삼성서울병원,2026-01-05T12:49:22.010485+00:00,,,,"주차장은 지하 1~3층에 위치하며, 진료 환자는 2시간 무료 주차가 가능합니다.",C:/Users/cutep/OneDrive/바탕 화면/yurim251202/VibeCoding/CareLog AI/data/step2_raw_complete.csv,https://example.com/hospital/faq
FAQ_PHARM_0001,notice,PHARMACY,온약국,2026-01-05T12:49:22.010485+00:00,,,,일반의약품은 건강보험 적용 대상이 아닙니다.,C:/Users/cutep/OneDrive/바탕 화면/yurim251202/VibeCoding/CareLog AI/data/step2_raw_complete.csv,https://example.com/pharmacy/guide
FAQ_PHARM_0002,notice,PHARMACY,온약국,2026-01-05T12:49:22.010485+00:00,,,,어지럼증이나 졸음이 올 수 있는 약은 운전 전 복용을 피해 주세요.,C:/Users/cutep/OneDrive/바탕 화면/yurim251202/VibeCoding/CareLog AI/data/step2_raw_complete.csv,https://example.com/pharmacy/guide
FAQ_PHARM_0003,notice,PHARMACY,강남약국,2026-01-05T12:49:22.010485+00:00,,,,"처방전 유효기간은 발행일로부터 3일이며, 기간 내 조제하셔야 합니다.",C:/Users/cutep/OneDrive/바탕 화면/yurim251202/VibeCoding/CareLog AI/data/step2_raw_complete.csv,https://example.com/pharmacy/guide
FAQ_PHARM_0006,notice,PHARMACY,온약국,2026-01-05T12:49:22.010485+00:00,,,,"복약 상담은 약사가 직접 진행하며, 복용 방법과 주의사항을 안내해 드립니다.",C:/Users/cutep/OneDrive/바탕 화면/yurim251202/VibeCoding/CareLog AI/data/step2_raw_complete.csv,https://example.com/pharmacy/guide
FAQ_PHARM_0007,notice,PHARMACY,강남약국,2026-01-05T12:49:22.010485+00:00,,,,조제 완료 시 문자 알림 서비스를 제공합니다(사전 신청 필요).,C:/Users/cutep/OneDrive/바탕 화면/yurim251202/VibeCoding/CareLog AI/data/step2_raw_complete.csv,https://example.com/pharmacy/guide
FAQ_PHARM_0009,notice,PHARMACY,강남약국,2026-01-05T12:49:22.010485+00:00,,,,카드 결제와 현금 결제 모두 가능합니다.,C:/Users/cutep/OneDrive/바탕 화면/yurim251202/VibeCoding/CareLog AI/data/step2_raw_complete.csv,https://example.com/pharmacy/guide
FAQ_PHARM_0012,notice,PHARMACY,강남약국,2026-01-05T12:49:22.010485+00:00,,,,건강 상담은 약사에게 언제든지 문의 가능합니다.,C:/Users/cutep/OneDrive/바탕 화면/yurim251202/VibeCoding/CareLog AI/data/step2_raw_complete.csv,https://example.com/pharmacy/guide
FAQ_PHARM_0013,notice,PHARMACY,참약국,2026-01-05T12:49:22.010485+00:00,,,,토요일은 오전 9시부터 오후 1시까지 운영됩니다.,C:/Users/cutep/OneDrive/바탕 화면/yurim251202/VibeCoding/CareLog AI/data/step2_raw_complete.csv,https://example.com/pharmacy/guide
FAQ_PHARM_0015,notice,PHARMACY,연세약국,2026-01-05T12:49:22.010485+00:00,,,,일요일 및 공휴일은 휴무입니다.,C:/Users/cutep/OneDrive/바탕 화면/yurim251202/VibeCoding/CareLog AI/data/step2_raw_complete.csv,https://example.com/pharmacy/guide
FAQ_PHARM_0016,notice,PHARMACY,연세약국,2026-01-05T12:49:22.010485+00:00,,,,약 복용 중 이상 반응이 나타나면 즉시 복용을 중단하고 약사 또는 의사와 상담하세요.,C:/Users/cutep/OneDrive/바탕 화면/yurim251202/VibeCoding/CareLog AI/data/step2_raw_complete.csv,https://example.com/pharmacy/guide
FAQ_PHARM_0017,notice,PHARMACY,케어약국,2026-01-05T12:49:22.010485+00:00,,,,점심 시간(오후 12시 30분~1시 30분)에도 운영됩니다.,C:/Users/cutep/OneDrive/바탕 화면/yurim251202/VibeCoding/CareLog AI/data/step2_raw_complete.csv,https://example.com/pharmacy/guide
FAQ_PHARM_0018,notice,PHARMACY,서울약국,2026-01-05T12:49:22.010485+00:00,,,,처방전 없이 구매 가능한 일반의약품도 다수 구비되어 있습니다.,C:/Users/cutep/OneDrive/바탕 화면/yurim251202/VibeCoding/CareLog AI/data/step2_raw_complete.csv,https://example.com/pharmacy/guide
FAQ_PHARM_0019,notice,PHARMACY,강남약국,2026-01-05T12:49:22.010485+00:00,,,,약 배달 서비스는 거동이 불편한 환자에 한해 제공됩니다(사전 문의 필수).,C:/Users/cutep/OneDrive/바탕 화면/yurim251202/VibeCoding/CareLog AI/data/step2_raw_complete.csv,https://example.com/pharmacy/guide
FAQ_PHARM_0034,notice,PHARMACY,서울약국,2026-01-05T12:49:22.010485+00:00,,,,약국 내 혈압 측정기와 체온계를 무료로 이용하실 수 있습니다.,C:/Users/cutep/OneDrive/바탕 화면/yurim251202/VibeCoding/CareLog AI/data/step2_raw_complete.csv,https://example.com/pharmacy/guide
FAQ_PHARM_0046,notice,PHARMACY,메디팜약국,2026-01-05T12:49:22.010485+00:00,,,,항생제는 처방된 기간 동안 빠짐없이 복용해야 합니다.,C:/Users/cutep/OneDrive/바탕 화면/yurim251202/VibeCoding/CareLog AI/data/step2_raw_complete.csv,https://example.com/pharmacy/guide
FAQ_PHARM_0050,notice,PHARMACY,메디팜약국,2026-01-05T12:49:22.010485+00:00,,,,"처방약은 건강보험이 적용되며, 본인 부담금만 납부하시면 됩니다.",C:/Users/cutep/OneDrive/바탕 화면/yurim251202/VibeCoding/CareLog AI/data/step2_raw_complete.csv,https://example.com/pharmacy/guide
FAQ_PHARM_0051,notice,PHARMACY,메디팜약국,2026-01-05T12:49:22.010485+00:00,,,,평일 운영 시간은 오전 9시부터 오후 7시까지입니다.,C:/Users/cutep/OneDrive/바탕 화면/yurim251202/VibeCoding/CareLog AI/data/step2_raw_complete.csv,https://example.com/pharmacy/guide
FAQ_PHARM_0060,notice,PHARMACY,온약국,2026-01-05T12:49:22.010485+00:00,,,,"식전 복용 약은 식사 30분 전, 식후 복용 약은 식사 30분 후 복용하세요.",C:/Users/cutep/OneDrive/바탕 화면/yurim251202/VibeCoding/CareLog AI/data/step2_raw_complete.csv,https://example.com/pharmacy/guide
FAQ_CHK_0001,faq,CHECKUP_CENTER,삼성서울병원건강의학센터,2026-01-05T12:49:22.010485+00:00,,,,검진 당일 신분증을 반드시 지참해 주세요.,C:/Users/cutep/OneDrive/바탕 화면/yurim251202/VibeCoding/CareLog AI/data/step2_raw_complete.csv,https://example.com/checkup/faq
FAQ_CHK_0002,faq,CHECKUP_CENTER,강남세브란스건강증진센터,2026-01-05T12:49:22.010485+00:00,,,,재검사가 필요한 경우 안내 전화를 드립니다.,C:/Users/cutep/OneDrive/바탕 화면/yurim251202/VibeCoding/CareLog AI/data/step2_raw_complete.csv,https://example.com/checkup/faq
FAQ_CHK_0003,faq,CHECKUP_CENTER,삼성서울병원건강의학센터,2026-01-05T12:49:22.010485+00:00,,,,임신 중이거나 임신 가능성이 있는 경우 사전에 알려주세요(X-ray 제외 조치).,C:/Users/cutep/OneDrive/바탕 화면/yurim251202/VibeCoding/CareLog AI/data/step2_raw_complete.csv,https://example.com/checkup/faq
FAQ_CHK_0004,faq,CHECKUP_CENTER,서울대병원건강증진센터,2026-01-05T12:49:22.010485+00:00,,,,자궁경부암 검진은 만 20세 이상 여성에게 권장됩니다.,C:/Users/cutep/OneDrive/바탕 화면/yurim251202/VibeCoding/CareLog AI/data/step2_raw_complete.csv,https://example.com/checkup/faq
FAQ_CHK_0005,faq,CHECKUP_CENTER,삼성서울병원건강의학센터,2026-01-05T12:49:22.010485+00:00,,,,"주차는 건물 지하 주차장을 이용하시면 되며, 검진 환자는 무료 주차가 가능합니다.",C:/Users/cutep/OneDrive/바탕 화면/yurim251202/VibeCoding/CareLog AI/data/step2_raw_complete.csv,https://example.com/checkup/faq
FAQ_CHK_0006,faq,CHECKUP_CENTER,강남세브란스건강증진센터,2026-01-05T12:49:22.010485+00:00,,,,국가건강검진은 공단 부담으로 본인 부담금이 없습니다.,C:/Users/cutep/OneDrive/바탕 화면/yurim251202/VibeCoding/CareLog AI/data/step2_raw_complete.csv,https://example.com/checkup/faq
FAQ_CHK_0007,faq,CHECKUP_CENTER,강남세브란스건강증진센터,2026-01-05T12:49:22.010485+00:00,,,,위내시경 검진은 수면 또는 비수면 중 선택 가능합니다(수면 시 보호자 동반 필수).,C:/Users/cutep/OneDrive/바탕 화면/yurim251202/VibeCoding/CareLog AI/data/step2_raw_complete.csv,https://example.com/checkup/faq
FAQ_CHK_0011,faq,CHECKUP_CENTER,삼성서울병원건강의학센터,2026-01-05T12:49:22.010485+00:00,,,,"검진 당일 아침 식사, 물, 커피, 담배, 껌 모두 금지입니다.",C:/Users/cutep/OneDrive/바탕 화면/yurim251202/VibeCoding/CareLog AI/data/step2_raw_complete.csv,https://example.com/checkup/faq
FAQ_CHK_0012,faq,CHECKUP_CENTER,강남세브란스건강증진센터,2026-01-05T12:49:22.010485+00:00,,,,"검진 비용은 현금, 카드, 계좌이체로 결제 가능합니다.",C:/Users/cutep/OneDrive/바탕 화면/yurim251202/VibeCoding/CareLog AI/data/step2_raw_complete.csv,https://example.com/checkup/faq
FAQ_CHK_0013,faq,CHECKUP_CENTER,삼성서울병원건강의학센터,2026-01-05T12:49:22.010485+00:00,,,,"예약 취소는 검진 7일 전까지 무료이며, 이후에는 취소 수수료가 부과됩니다.",C:/Users/cutep/OneDrive/바탕 화면/yurim251202/VibeCoding/CareLog AI/data/step2_raw_complete.csv,https://example.com/checkup/faq
FAQ_CHK_0015,faq,CHECKUP_CENTER,서울아산병원건강증진센터,2026-01-05T12:49:22.010485+00:00,,,,국가건강검진 대상자는 공단에서 발송된 검진표를 지참해 주세요.,C:/Users/cutep/OneDrive/바탕 화면/yurim251202/VibeCoding/CareLog AI/data/step2_raw_complete.csv,https://example.com/checkup/faq
FAQ_CHK_0016,faq,CHECKUP_CENTER,강남세브란스건강증진센터,2026-01-05T12:49:22.010485+00:00,,,,건강검진 예약은 전화 또는 홈페이지를 통해 가능합니다.,C:/Users/cutep/OneDrive/바탕 화면/yurim251202/VibeCoding/CareLog AI/data/step2_raw_complete.csv,https://example.com/checkup/faq
FAQ_CHK_0018,faq,CHECKUP_CENTER,삼성서울병원건강의학센터,2026-01-05T12:49:22.010485+00:00,,,,수면 내시경 검진 시 회복실에서 충분히 휴식 후 귀가하시기 바랍니다.,C:/Users/cutep/OneDrive/바탕 화면/yurim251202/VibeCoding/CareLog AI/data/step2_raw_complete.csv,https://example.com/checkup/faq
FAQ_CHK_0019,faq,CHECKUP_CENTER,삼성서울병원건강의학센터,2026-01-05T12:49:22.010485+00:00,,,,검진 결과는 검진 후 7~10일 이내에 우편 또는 이메일로 발송됩니다.,C:/Users/cutep/OneDrive/바탕 화면/yurim251202/VibeCoding/CareLog AI/data/step2_raw_complete.csv,https://example.com/checkup/faq
FAQ_CHK_0021,faq,CHECKUP_CENTER,삼성서울병원건강의학센터,2026-01-05T12:49:22.010485+00:00,,,,여성 검진 대상자는 생리 기간을 피해서 예약해 주세요.,C:/Users/cutep/OneDrive/바탕 화면/yurim251202/VibeCoding/CareLog AI/data/step2_raw_complete.csv,https://example.com/checkup/faq
FAQ_CHK_0022,faq,CHECKUP_CENTER,강남세브란스건강증진센터,2026-01-05T12:49:22.010485+00:00,,,,"기본 검진 항목은 신장, 체중, 혈압, 시력, 청력, 혈액검사, 소변검사, 흉부 X-ray를 포함합니다.",C:/Users/cutep/OneDrive/바탕 화면/yurim251202/VibeCoding/CareLog AI/data/step2_raw_complete.csv,https://example.com/checkup/faq
FAQ_CHK_0024,faq,CHECKUP_CENTER,삼성서울병원건강의학센터,2026-01-05T12:49:22.010485+00:00,,,,혈압약은 소량의 물과 함께 복용 가능합니다(사전 문의 권장).,C:/Users/cutep/OneDrive/바탕 화면/yurim251202/VibeCoding/CareLog AI/data/step2_raw_complete.csv,https://example.com/checkup/faq
FAQ_CHK_0029,faq,CHECKUP_CENTER,서울대병원건강증진센터,2026-01-05T12:49:22.010485+00:00,,,,유방암 검진(유방촬영 또는 초음파)은 만 40세 이상 여성에게 권장됩니다.,C:/Users/cutep/OneDrive/바탕 화면/yurim251202/VibeCoding/CareLog AI/data/step2_raw_complete.csv,https://example.com/checkup/faq
FAQ_CHK_0032,faq,CHECKUP_CENTER,서울아산병원건강증진센터,2026-01-05T12:49:22.010485+00:00,,,,"예약 변경은 검진 3일 전까지 가능하며, 그 이후에는 수수료가 발생할 수 있습니다.",C:/Users/cutep/OneDrive/바탕 화면/yurim251202/VibeCoding/CareLog AI/data/step2_raw_complete.csv,https://example.com/checkup/faq
FAQ_CHK_0036,faq,CHECKUP_CENTER,서울대병원건강증진센터,2026-01-05T12:49:22.010485+00:00,,,,대장내시경은 전날 장 정결제 복용이 필요합니다.,C:/Users/cutep/OneDrive/바탕 화면/yurim251202/VibeCoding/CareLog AI/data/step2_raw_complete.csv,https://example.com/checkup/faq
FAQ_CHK_0040,faq,CHECKUP_CENTER,삼성서울병원건강의학센터,2026-01-05T12:49:22.010485+00:00,,,,결과 상담은 예약 후 전문의와 1:1 상담이 가능합니다.,C:/Users/cutep/OneDrive/바탕 화면/yurim251202/VibeCoding/CareLog AI/data/step2_raw_complete.csv,https://example.com/checkup/faq
ADD_HOSP_0001,faq,HOSPITAL,서울성모병원,2026-01-05T12:52:37.779825+00:00,,,,장애인 환자를 위한 편의시설과 전용 주차 공간이 마련되어 있습니다.,C:/Users/cutep/OneDrive/바탕 화면/yurim251202/VibeCoding/CareLog AI/data/step2_raw_complete.csv,https://example.com/hospital/faq/additional
ADD_HOSP_0002,faq,HOSPITAL,서울대병원,2026-01-05T12:52:37.779825+00:00,,,,수술 전 검사는 수술 3~7일 전에 시행됩니다.,C:/Users/cutep/OneDrive/바탕 화면/yurim251202/VibeCoding/CareLog AI/data/step2_raw_complete.csv,https://example.com/hospital/faq/additional
ADD_HOSP_0003,faq,HOSPITAL,고대안암병원,2026-01-05T12:52:37.779825+00:00,,,,"소견서, 진료확인서는 원무과에서 즉시 발급 가능합니다.",C:/Users/cutep/OneDrive/바탕 화면/yurim251202/VibeCoding/CareLog AI/data/step2_raw_complete.csv,https://example.com/hospital/faq/additional
ADD_HOSP_0004,faq,HOSPITAL,세브란스병원,2026-01-05T12:52:37.779825+00:00,,,,"정신건강의학과는 우울증, 불안장애, 수면장애 등을 상담하고 치료합니다.",C:/Users/cutep/OneDrive/바탕 화면/yurim251202/VibeCoding/CareLog AI/data/step2_raw_complete.csv,https://example.com/hospital/faq/additional
ADD_HOSP_0005,faq,HOSPITAL,서울대병원,2026-01-05T12:52:37.779825+00:00,,,,"재활의학과에서는 물리치료, 작업치료, 통증 치료를 제공합니다.",C:/Users/cutep/OneDrive/바탕 화면/yurim251202/VibeCoding/CareLog AI/data/step2_raw_complete.csv,https://example.com/hospital/faq/additional
ADD_HOSP_0006,faq,HOSPITAL,삼성병원,2026-01-05T12:52:37.779825+00:00,,,,"심장내과는 부정맥, 협심증, 심근경색 등 심혈관 질환을 전문으로 진료합니다.",C:/Users/cutep/OneDrive/바탕 화면/yurim251202/VibeCoding/CareLog AI/data/step2_raw_complete.csv,https://example.com/hospital/faq/additional
ADD_HOSP_0007,faq,HOSPITAL,서울대병원,2026-01-05T12:52:37.779825+00:00,,,,"피부과는 아토피, 여드름, 탈모, 피부암 등을 전문으로 다룹니다.",C:/Users/cutep/OneDrive/바탕 화면/yurim251202/VibeCoding/CareLog AI/data/step2_raw_complete.csv,https://example.com/hospital/faq/additional
ADD_HOSP_0011,faq,HOSPITAL,분당서울대병원,2026-01-05T12:52:37.779825+00:00,,,,보험 청구용 서류는 진료과에서 안내받으신 후 원무과에서 발급받으세요.,C:/Users/cutep/OneDrive/바탕 화면/yurim251202/VibeCoding/CareLog AI/data/step2_raw_complete.csv,https://example.com/hospital/faq/additional
ADD_HOSP_0012,faq,HOSPITAL,아산병원,2026-01-05T12:52:37.779825+00:00,,,,"독감 예방접종은 매년 10월부터 시작되며, 예약 없이 접수 가능합니다.",C:/Users/cutep/OneDrive/바탕 화면/yurim251202/VibeCoding/CareLog AI/data/step2_raw_complete.csv,https://example.com/hospital/faq/additional
ADD_HOSP_0013,faq,HOSPITAL,서울성모병원,2026-01-05T12:52:37.779825+00:00,,,,외국인 환자를 위한 통역 서비스가 제공됩니다(사전 신청 필요).,C:/Users/cutep/OneDrive/바탕 화면/yurim251202/VibeCoding/CareLog AI/data/step2_raw_complete.csv,https://example.com/hospital/faq/additional
ADD_HOSP_0016,faq,HOSPITAL,삼성병원,2026-01-05T12:52:37.779825+00:00,,,,"야간 응급 진료는 내과, 외과, 소아과에서 제공됩니다.",C:/Users/cutep/OneDrive/바탕 화면/yurim251202/VibeCoding/CareLog AI/data/step2_raw_complete.csv,https://example.com/hospital/faq/additional
ADD_HOSP_0017,faq,HOSPITAL,서울대병원,2026-01-05T12:52:37.779825+00:00,,,,"신경과에서는 두통, 어지럼증, 손발 저림, 치매 등을 진단하고 치료합니다.",C:/Users/cutep/OneDrive/바탕 화면/yurim251202/VibeCoding/CareLog AI/data/step2_raw_complete.csv,https://example.com/hospital/faq/additional
ADD_HOSP_0018,faq,HOSPITAL,분당서울대병원,2026-01-05T12:52:37.779825+00:00,,,,"진단서는 진료 당일 또는 익일 발급 가능하며, 수수료가 부과됩니다.",C:/Users/cutep/OneDrive/바탕 화면/yurim251202/VibeCoding/CareLog AI/data/step2_raw_complete.csv,https://example.com/hospital/faq/additional
ADD_HOSP_0019,faq,HOSPITAL,서울대병원,2026-01-05T12:52:37.779825+00:00,,,,"입원 중 면회는 지정된 시간에만 가능하며, 중환자실은 제한적입니다.",C:/Users/cutep/OneDrive/바탕 화면/yurim251202/VibeCoding/CareLog AI/data/step2_raw_complete.csv,https://example.com/hospital/faq/additional
ADD_HOSP_0029,faq,HOSPITAL,서울대병원,2026-01-05T12:52:37.779825+00:00,,,,"입원 수속은 원무과에서 진행하며, 신분증과 보험증이 필요합니다.",C:/Users/cutep/OneDrive/바탕 화면/yurim251202/VibeCoding/CareLog AI/data/step2_raw_complete.csv,https://example.com/hospital/faq/additional
ADD_HOSP_0030,faq,HOSPITAL,분당서울대병원,2026-01-05T12:52:37.779825+00:00,,,,영문 진단서는 발급까지 3~5일 소요됩니다.,C:/Users/cutep/OneDrive/바탕 화면/yurim251202/VibeCoding/CareLog AI/data/step2_raw_complete.csv,https://example.com/hospital/faq/additional
ADD_HOSP_0032,faq,HOSPITAL,세브란스병원,2026-01-05T12:52:37.779825+00:00,,,,"응급 상황 시 119에 먼저 연락하시고, 가까운 응급실로 이동하세요.",C:/Users/cutep/OneDrive/바탕 화면/yurim251202/VibeCoding/CareLog AI/data/step2_raw_complete.csv,https://example.com/hospital/faq/additional
ADD_HOSP_0039,faq,HOSPITAL,서울성모병원,2026-01-05T12:52:37.779825+00:00,,,,영유아 예방접종은 소아청소년과에서 국가 예방접종 일정에 따라 시행됩니다.,C:/Users/cutep/OneDrive/바탕 화면/yurim251202/VibeCoding/CareLog AI/data/step2_raw_complete.csv,https://example.com/hospital/faq/additional
ADD_HOSP_0045,faq,HOSPITAL,분당서울대병원,2026-01-05T12:52:37.779825+00:00,,,,"수술 당일 보호자 동반이 필수이며, 수술 동의서를 작성해야 합니다.",C:/Users/cutep/OneDrive/바탕 화면/yurim251202/VibeCoding/CareLog AI/data/step2_raw_complete.csv,https://example.com/hospital/faq/additional
ADD_HOSP_0049,faq,HOSPITAL,아산병원,2026-01-05T12:52:37.779825+00:00,,,,건강검진 결과 상담은 가정의학과에서 예약 후 받으실 수 있습니다.,C:/Users/cutep/OneDrive/바탕 화면/yurim251202/VibeCoding/CareLog AI/data/step2_raw_complete.csv,https://example.com/hospital/faq/additional
ADD_PHARM_0001,notice,PHARMACY,메디팜약국,2026-01-05T12:52:37.779825+00:00,,,,임신 중이거나 수유 중인 경우 반드시 약사에게 알려주세요.,C:/Users/cutep/OneDrive/바탕 화면/yurim251202/VibeCoding/CareLog AI/data/step2_raw_complete.csv,https://example.com/pharmacy/guide/additional
ADD_PHARM_0002,notice,PHARMACY,건강약국,2026-01-05T12:52:37.779825+00:00,,,,"패치제는 깨끗하고 건조한 피부에 부착하고, 매일 다른 부위에 붙이세요.",C:/Users/cutep/OneDrive/바탕 화면/yurim251202/VibeCoding/CareLog AI/data/step2_raw_complete.csv,https://example.com/pharmacy/guide/additional
ADD_PHARM_0003,notice,PHARMACY,건강약국,2026-01-05T12:52:37.779825+00:00,,,,건강기능식품도 약과 상호작용할 수 있으니 복용 중인 약을 알려주세요.,C:/Users/cutep/OneDrive/바탕 화면/yurim251202/VibeCoding/CareLog AI/data/step2_raw_complete.csv,https://example.com/pharmacy/guide/additional
ADD_PHARM_0004,notice,PHARMACY,강남약국,2026-01-05T12:52:37.779825+00:00,,,,"소화제는 식후 불편감이 있을 때 복용하며, 장기 복용 시 의사와 상담하세요.",C:/Users/cutep/OneDrive/바탕 화면/yurim251202/VibeCoding/CareLog AI/data/step2_raw_complete.csv,https://example.com/pharmacy/guide/additional
ADD_PHARM_0005,notice,PHARMACY,강남약국,2026-01-05T12:52:37.779825+00:00,,,,약은 직사광선을 피하고 서늘하고 건조한 곳에 보관하세요.,C:/Users/cutep/OneDrive/바탕 화면/yurim251202/VibeCoding/CareLog AI/data/step2_raw_complete.csv,https://example.com/pharmacy/guide/additional
ADD_PHARM_0007,notice,PHARMACY,참약국,2026-01-05T12:52:37.779825+00:00,,,,"물약은 흔들어서 복용하고, 계량컵이나 스포이트를 사용하세요.",C:/Users/cutep/OneDrive/바탕 화면/yurim251202/VibeCoding/CareLog AI/data/step2_raw_complete.csv,https://example.com/pharmacy/guide/additional
ADD_PHARM_0010,notice,PHARMACY,건강약국,2026-01-05T12:52:37.779825+00:00,,,,"캡슐약은 물과 함께 삼키고, 씹거나 쪼개지 마세요.",C:/Users/cutep/OneDrive/바탕 화면/yurim251202/VibeCoding/CareLog AI/data/step2_raw_complete.csv,https://example.com/pharmacy/guide/additional
ADD_PHARM_0012,notice,PHARMACY,강남약국,2026-01-05T12:52:37.779825+00:00,,,,유효기간이 지난 약은 약국이나 보건소에 반납해 주세요.,C:/Users/cutep/OneDrive/바탕 화면/yurim251202/VibeCoding/CareLog AI/data/step2_raw_complete.csv,https://example.com/pharmacy/guide/additional
ADD_PHARM_0013,notice,PHARMACY,건강약국,2026-01-05T12:52:37.779825+00:00,,,,가루약은 물에 타서 복용하거나 그대로 입에 넣고 물로 삼키세요.,C:/Users/cutep/OneDrive/바탕 화면/yurim251202/VibeCoding/CareLog AI/data/step2_raw_complete.csv,https://example.com/pharmacy/guide/additional
ADD_PHARM_0020,notice,PHARMACY,온누리약국,2026-01-05T12:52:37.779825+00:00,,,,"진통제는 통증이 심할 때 복용하되, 하루 최대 용량을 초과하지 마세요.",C:/Users/cutep/OneDrive/바탕 화면/yurim251202/VibeCoding/CareLog AI/data/step2_raw_complete.csv,https://example.com/pharmacy/guide/additional
ADD_PHARM_0023,notice,PHARMACY,온누리약국,2026-01-05T12:52:37.779825+00:00,,,,알레르기약은 졸음이 올 수 있으니 운전 전 복용을 피하세요.,C:/Users/cutep/OneDrive/바탕 화면/yurim251202/VibeCoding/CareLog AI/data/step2_raw_complete.csv,https://example.com/pharmacy/guide/additional
ADD_PHARM_0024,notice,PHARMACY,강남약국,2026-01-05T12:52:37.779825+00:00,,,,여러 약을 함께 복용할 때는 약사에게 상호작용 여부를 확인하세요.,C:/Users/cutep/OneDrive/바탕 화면/yurim251202/VibeCoding/CareLog AI/data/step2_raw_complete.csv,https://example.com/pharmacy/guide/additional
ADD_PHARM_0025,notice,PHARMACY,서울약국,2026-01-05T12:52:37.779825+00:00,,,,냉장 보관이 필요한 약은 약봉지에 표시되어 있습니다.,C:/Users/cutep/OneDrive/바탕 화면/yurim251202/VibeCoding/CareLog AI/data/step2_raw_complete.csv,https://example.com/pharmacy/guide/additional
ADD_PHARM_0026,notice,PHARMACY,참약국,2026-01-05T12:52:37.779825+00:00,,,,어린이 약은 체중과 나이에 따라 용량이 다르므로 정확한 복용이 중요합니다.,C:/Users/cutep/OneDrive/바탕 화면/yurim251202/VibeCoding/CareLog AI/data/step2_raw_complete.csv,https://example.com/pharmacy/guide/additional
ADD_PHARM_0035,notice,PHARMACY,강남약국,2026-01-05T12:52:37.779825+00:00,,,,노인 환자는 약물 대사가 느려 용량 조절이 필요할 수 있습니다.,C:/Users/cutep/OneDrive/바탕 화면/yurim251202/VibeCoding/CareLog AI/data/step2_raw_complete.csv,https://example.com/pharmacy/guide/additional
ADD_CHK_0001,faq,CHECKUP_CENTER,아산병원건강증진센터,2026-01-05T12:52:37.779825+00:00,,,,"암 검진은 위암, 대장암, 간암, 유방암, 자궁경부암을 대상으로 합니다.",C:/Users/cutep/OneDrive/바탕 화면/yurim251202/VibeCoding/CareLog AI/data/step2_raw_complete.csv,https://example.com/checkup/faq/additional
ADD_CHK_0002,faq,CHECKUP_CENTER,삼성서울병원건강의학센터,2026-01-05T12:52:37.779825+00:00,,,,유방촬영은 유방암 조기 발견에 가장 효과적인 검사입니다.,C:/Users/cutep/OneDrive/바탕 화면/yurim251202/VibeCoding/CareLog AI/data/step2_raw_complete.csv,https://example.com/checkup/faq/additional
ADD_CHK_0003,faq,CHECKUP_CENTER,삼성서울병원건강의학센터,2026-01-05T12:52:37.779825+00:00,,,,심장 초음파는 심장 구조와 기능을 평가합니다.,C:/Users/cutep/OneDrive/바탕 화면/yurim251202/VibeCoding/CareLog AI/data/step2_raw_complete.csv,https://example.com/checkup/faq/additional
ADD_CHK_0004,faq,CHECKUP_CENTER,세브란스건강증진센터,2026-01-05T12:52:37.779825+00:00,,,,유소견 판정 시 추가 검사나 치료가 필요할 수 있습니다.,C:/Users/cutep/OneDrive/바탕 화면/yurim251202/VibeCoding/CareLog AI/data/step2_raw_complete.csv,https://example.com/checkup/faq/additional
ADD_CHK_0005,faq,CHECKUP_CENTER,서울대병원건강증진센터,2026-01-05T12:52:37.779825+00:00,,,,학생 건강검진은 초·중·고등학교에서 매년 시행됩니다.,C:/Users/cutep/OneDrive/바탕 화면/yurim251202/VibeCoding/CareLog AI/data/step2_raw_complete.csv,https://example.com/checkup/faq/additional
ADD_CHK_0006,faq,CHECKUP_CENTER,세브란스건강증진센터,2026-01-05T12:52:37.779825+00:00,,,,수면 내시경은 진정제를 사용해 검사 중 불편감을 최소화합니다.,C:/Users/cutep/OneDrive/바탕 화면/yurim251202/VibeCoding/CareLog AI/data/step2_raw_complete.csv,https://example.com/checkup/faq/additional
ADD_CHK_0008,faq,CHECKUP_CENTER,서울대병원건강증진센터,2026-01-05T12:52:37.779825+00:00,,,,정상 판정을 받아도 정기적인 건강검진이 필요합니다.,C:/Users/cutep/OneDrive/바탕 화면/yurim251202/VibeCoding/CareLog AI/data/step2_raw_complete.csv,https://example.com/checkup/faq/additional
ADD_CHK_0010,faq,CHECKUP_CENTER,아산병원건강증진센터,2026-01-05T12:52:37.779825+00:00,,,,"소변검사는 신장 질환, 당뇨, 요로감염 등을 조기 발견하는 데 도움이 됩니다.",C:/Users/cutep/OneDrive/바탕 화면/yurim251202/VibeCoding/CareLog AI/data/step2_raw_complete.csv,https://example.com/checkup/faq/additional
ADD_CHK_0011,faq,CHECKUP_CENTER,세브란스건강증진센터,2026-01-05T12:52:37.779825+00:00,,,,"흉부 X-ray는 폐렴, 결핵, 폐암 등 폐 질환을 확인합니다.",C:/Users/cutep/OneDrive/바탕 화면/yurim251202/VibeCoding/CareLog AI/data/step2_raw_complete.csv,https://example.com/checkup/faq/additional
ADD_CHK_0015,faq,CHECKUP_CENTER,세브란스건강증진센터,2026-01-05T12:52:37.779825+00:00,,,,"복부 초음파는 간, 담낭, 췌장, 신장, 비장 등을 확인합니다.",C:/Users/cutep/OneDrive/바탕 화면/yurim251202/VibeCoding/CareLog AI/data/step2_raw_complete.csv,https://example.com/checkup/faq/additional
ADD_CHK_0016,faq,CHECKUP_CENTER,세브란스건강증진센터,2026-01-05T12:52:37.779825+00:00,,,,"난소 초음파는 난소 종양, 낭종 등을 확인합니다.",C:/Users/cutep/OneDrive/바탕 화면/yurim251202/VibeCoding/CareLog AI/data/step2_raw_complete.csv,https://example.com/checkup/faq/additional
ADD_CHK_0018,faq,CHECKUP_CENTER,삼성서울병원건강의학센터,2026-01-05T12:52:37.779825+00:00,,,,"혈액검사는 빈혈, 혈당, 콜레스테롤, 간 기능, 신장 기능 등을 확인합니다.",C:/Users/cutep/OneDrive/바탕 화면/yurim251202/VibeCoding/CareLog AI/data/step2_raw_complete.csv,https://example.com/checkup/faq/additional
ADD_CHK_0019,faq,CHECKUP_CENTER,서울대병원건강증진센터,2026-01-05T12:52:37.779825+00:00,,,,수면 내시경 후에는 운전이 불가능하므로 대중교통을 이용하세요.,C:/Users/cutep/OneDrive/바탕 화면/yurim251202/VibeCoding/CareLog AI/data/step2_raw_complete.csv,https://example.com/checkup/faq/additional
ADD_CHK_0025,faq,CHECKUP_CENTER,서울대병원건강증진센터,2026-01-05T12:52:37.779825+00:00,,,,"대장내시경은 대장암, 용종 등을 조기 발견하고 제거할 수 있습니다.",C:/Users/cutep/OneDrive/바탕 화면/yurim251202/VibeCoding/CareLog AI/data/step2_raw_complete.csv,https://example.com/checkup/faq/additional
ADD_CHK_0026,faq,CHECKUP_CENTER,세브란스건강증진센터,2026-01-05T12:52:37.779825+00:00,,,,"위내시경은 위암, 위염, 위궤양 등을 조기 발견할 수 있습니다.",C:/Users/cutep/OneDrive/바탕 화면/yurim251202/VibeCoding/CareLog AI/data/step2_raw_complete.csv,https://example.com/checkup/faq/additional
ADD_CHK_0033,faq,CHECKUP_CENTER,삼성서울병원건강의학센터,2026-01-05T12:52:37.779825+00:00,,,,자궁경부암 검사는 세포 검사로 간단하게 시행됩니다.,C:/Users/cutep/OneDrive/바탕 화면/yurim251202/VibeCoding/CareLog AI/data/step2_raw_complete.csv,https://example.com/checkup/faq/additional
ADD_CHK_0035,faq,CHECKUP_CENTER,아산병원건강증진센터,2026-01-05T12:52:37.779825+00:00,,,,일반 건강검진은 만 20세 이상 성인에게 2년마다 제공됩니다.,C:/Users/cutep/OneDrive/바탕 화면/yurim251202/VibeCoding/CareLog AI/data/step2_raw_complete.csv,https://example.com/checkup/faq/additional
FINAL_HOSP_0001,faq,HOSPITAL,종합병원,2026-01-05T12:53:50.788064+00:00,,,,재진 환자는 이전 진료 기록을 확인한 후 진료가 진행됩니다.,C:/Users/cutep/OneDrive/바탕 화면/yurim251202/VibeCoding/CareLog AI/data/step2_raw_complete.csv,https://example.com/hospital/faq/final
FINAL_HOSP_0002,faq,HOSPITAL,종합병원,2026-01-05T12:53:50.788064+00:00,,,,물리치료는 의사 처방 후 재활의학과에서 받으실 수 있습니다.,C:/Users/cutep/OneDrive/바탕 화면/yurim251202/VibeCoding/CareLog AI/data/step2_raw_complete.csv,https://example.com/hospital/faq/final
FINAL_HOSP_0003,faq,HOSPITAL,종합병원,2026-01-05T12:53:50.788064+00:00,,,,"토요일은 오전 진료만 운영되며, 일부 진료과는 휴진입니다.",C:/Users/cutep/OneDrive/바탕 화면/yurim251202/VibeCoding/CareLog AI/data/step2_raw_complete.csv,https://example.com/hospital/faq/final
FINAL_HOSP_0004,faq,HOSPITAL,종합병원,2026-01-05T12:53:50.788064+00:00,,,,진료 후 약 처방은 원내 약국 또는 원외 약국에서 받으실 수 있습니다.,C:/Users/cutep/OneDrive/바탕 화면/yurim251202/VibeCoding/CareLog AI/data/step2_raw_complete.csv,https://example.com/hospital/faq/final
FINAL_HOSP_0006,faq,HOSPITAL,종합병원,2026-01-05T12:53:50.788064+00:00,,,,외래 진료는 평일 오전 9시부터 오후 5시까지 운영됩니다.,C:/Users/cutep/OneDrive/바탕 화면/yurim251202/VibeCoding/CareLog AI/data/step2_raw_complete.csv,https://example.com/hospital/faq/final
FINAL_HOSP_0008,faq,HOSPITAL,종합병원,2026-01-05T12:53:50.788064+00:00,,,,"예약 환자 우선 진료 원칙을 따르며, 당일 접수는 대기 시간이 길 수 있습니다.",C:/Users/cutep/OneDrive/바탕 화면/yurim251202/VibeCoding/CareLog AI/data/step2_raw_complete.csv,https://example.com/hospital/faq/final
FINAL_HOSP_0010,faq,HOSPITAL,종합병원,2026-01-05T12:53:50.788064+00:00,,,,장애인 편의시설은 각 층에 마련되어 있습니다.,C:/Users/cutep/OneDrive/바탕 화면/yurim251202/VibeCoding/CareLog AI/data/step2_raw_complete.csv,https://example.com/hospital/faq/final
FINAL_HOSP_0012,faq,HOSPITAL,종합병원,2026-01-05T12:53:50.788064+00:00,,,,응급실 이용 시 중증도에 따라 진료 순서가 결정됩니다.,C:/Users/cutep/OneDrive/바탕 화면/yurim251202/VibeCoding/CareLog AI/data/step2_raw_complete.csv,https://example.com/hospital/faq/final
FINAL_HOSP_0014,faq,HOSPITAL,종합병원,2026-01-05T12:53:50.788064+00:00,,,,환자 이송 서비스는 원무과에 문의하시면 안내받으실 수 있습니다.,C:/Users/cutep/OneDrive/바탕 화면/yurim251202/VibeCoding/CareLog AI/data/step2_raw_complete.csv,https://example.com/hospital/faq/final
FINAL_HOSP_0016,faq,HOSPITAL,종합병원,2026-01-05T12:53:50.788064+00:00,,,,초진 환자는 진료 전 문진표 작성이 필요합니다.,C:/Users/cutep/OneDrive/바탕 화면/yurim251202/VibeCoding/CareLog AI/data/step2_raw_complete.csv,https://example.com/hospital/faq/final
FINAL_HOSP_0017,faq,HOSPITAL,종합병원,2026-01-05T12:53:50.788064+00:00,,,,건강보험 미가입자는 전액 본인 부담으로 진료받으실 수 있습니다.,C:/Users/cutep/OneDrive/바탕 화면/yurim251202/VibeCoding/CareLog AI/data/step2_raw_complete.csv,https://example.com/hospital/faq/final
FINAL_HOSP_0020,faq,HOSPITAL,종합병원,2026-01-05T12:53:50.788064+00:00,,,,내시경 검사는 전날 저녁부터 금식이 필요합니다.,C:/Users/cutep/OneDrive/바탕 화면/yurim251202/VibeCoding/CareLog AI/data/step2_raw_complete.csv,https://example.com/hospital/faq/final
FINAL_HOSP_0022,faq,HOSPITAL,종합병원,2026-01-05T12:53:50.788064+00:00,,,,진료비 할부 결제는 신용카드로만 가능합니다.,C:/Users/cutep/OneDrive/바탕 화면/yurim251202/VibeCoding/CareLog AI/data/step2_raw_complete.csv,https://example.com/hospital/faq/final
FINAL_HOSP_0023,faq,HOSPITAL,종합병원,2026-01-05T12:53:50.788064+00:00,,,,진료 접수는 진료 시작 30분 전부터 가능합니다.,C:/Users/cutep/OneDrive/바탕 화면/yurim251202/VibeCoding/CareLog AI/data/step2_raw_complete.csv,https://example.com/hospital/faq/final
FINAL_PHARM_0001,notice,PHARMACY,종합약국,2026-01-05T12:53:50.788064+00:00,,,,처방약 외에도 일반의약품 상담이 가능합니다.,C:/Users/cutep/OneDrive/바탕 화면/yurim251202/VibeCoding/CareLog AI/data/step2_raw_complete.csv,https://example.com/pharmacy/guide/final
FINAL_PHARM_0002,notice,PHARMACY,종합약국,2026-01-05T12:53:50.788064+00:00,,,,만성질환자 처방전은 최대 90일분까지 조제 가능합니다.,C:/Users/cutep/OneDrive/바탕 화면/yurim251202/VibeCoding/CareLog AI/data/step2_raw_complete.csv,https://example.com/pharmacy/guide/final
FINAL_PHARM_0004,notice,PHARMACY,종합약국,2026-01-05T12:53:50.788064+00:00,,,,노인 환자는 약물 대사가 느려 용량 조절이 필요할 수 있습니다.,C:/Users/cutep/OneDrive/바탕 화면/yurim251202/VibeCoding/CareLog AI/data/step2_raw_complete.csv,https://example.com/pharmacy/guide/final
FINAL_PHARM_0005,notice,PHARMACY,종합약국,2026-01-05T12:53:50.788064+00:00,,,,어린이 손이 닿지 않는 곳에 보관하세요.,C:/Users/cutep/OneDrive/바탕 화면/yurim251202/VibeCoding/CareLog AI/data/step2_raw_complete.csv,https://example.com/pharmacy/guide/final
FINAL_PHARM_0006,notice,PHARMACY,종합약국,2026-01-05T12:53:50.788064+00:00,,,,약 봉지에 표기된 복용 방법을 반드시 확인하세요.,C:/Users/cutep/OneDrive/바탕 화면/yurim251202/VibeCoding/CareLog AI/data/step2_raw_complete.csv,https://example.com/pharmacy/guide/final
FINAL_PHARM_0007,notice,PHARMACY,종합약국,2026-01-05T12:53:50.788064+00:00,,,,약 복용 상담은 언제든지 약사에게 문의하세요.,C:/Users/cutep/OneDrive/바탕 화면/yurim251202/VibeCoding/CareLog AI/data/step2_raw_complete.csv,https://example.com/pharmacy/guide/final
FINAL_PHARM_0009,notice,PHARMACY,종합약국,2026-01-05T12:53:50.788064+00:00,,,,약 알레르기가 있는 경우 반드시 약사에게 알려주세요.,C:/Users/cutep/OneDrive/바탕 화면/yurim251202/VibeCoding/CareLog AI/data/step2_raw_complete.csv,https://example.com/pharmacy/guide/final
FINAL_PHARM_0011,notice,PHARMACY,종합약국,2026-01-05T12:53:50.788064+00:00,,,,임신 중이거나 수유 중인 경우 약 복용 전 상담하세요.,C:/Users/cutep/OneDrive/바탕 화면/yurim251202/VibeCoding/CareLog AI/data/step2_raw_complete.csv,https://example.com/pharmacy/guide/final
FINAL_PHARM_0012,notice,PHARMACY,종합약국,2026-01-05T12:53:50.788064+00:00,,,,"약국에서는 혈압, 혈당 측정 서비스를 제공합니다.",C:/Users/cutep/OneDrive/바탕 화면/yurim251202/VibeCoding/CareLog AI/data/step2_raw_complete.csv,https://example.com/pharmacy/guide/final
FINAL_PHARM_0014,notice,PHARMACY,종합약국,2026-01-05T12:53:50.788064+00:00,,,,건강기능식품도 약과 상호작용할 수 있으니 주의하세요.,C:/Users/cutep/OneDrive/바탕 화면/yurim251202/VibeCoding/CareLog AI/data/step2_raw_complete.csv,https://example.com/pharmacy/guide/final
FINAL_PHARM_0015,notice,PHARMACY,종합약국,2026-01-05T12:53:50.788064+00:00,,,,처방전은 발행일로부터 3일 이내 조제해야 합니다.,C:/Users/cutep/OneDrive/바탕 화면/yurim251202/VibeCoding/CareLog AI/data/step2_raw_complete.csv,https://example.com/pharmacy/guide/final
FINAL_CHK_0001,faq,CHECKUP_CENTER,건강검진센터,2026-01-05T12:53:50.788064+00:00,,,,수면 내시경 후에는 운전이 불가능합니다.,C:/Users/cutep/OneDrive/바탕 화면/yurim251202/VibeCoding/CareLog AI/data/step2_raw_complete.csv,https://example.com/checkup/faq/final
FINAL_CHK_0002,faq,CHECKUP_CENTER,건강검진센터,2026-01-05T12:53:50.788064+00:00,,,,임신 가능성이 있는 경우 X-ray 검사가 제외됩니다.,C:/Users/cutep/OneDrive/바탕 화면/yurim251202/VibeCoding/CareLog AI/data/step2_raw_complete.csv,https://example.com/checkup/faq/final
FINAL_CHK_0003,faq,CHECKUP_CENTER,건강검진센터,2026-01-05T12:53:50.788064+00:00,,,,검진 결과는 7~10일 후 우편 또는 이메일로 발송됩니다.,C:/Users/cutep/OneDrive/바탕 화면/yurim251202/VibeCoding/CareLog AI/data/step2_raw_complete.csv,https://example.com/checkup/faq/final
FINAL_CHK_0004,faq,CHECKUP_CENTER,건강검진센터,2026-01-05T12:53:50.788064+00:00,,,,위내시경은 수면 또는 비수면 중 선택 가능합니다.,C:/Users/cutep/OneDrive/바탕 화면/yurim251202/VibeCoding/CareLog AI/data/step2_raw_complete.csv,https://example.com/checkup/faq/final
FINAL_CHK_0005,faq,CHECKUP_CENTER,건강검진센터,2026-01-05T12:53:50.788064+00:00,,,,추가 검진 항목은 별도 비용이 발생합니다.,C:/Users/cutep/OneDrive/바탕 화면/yurim251202/VibeCoding/CareLog AI/data/step2_raw_complete.csv,https://example.com/checkup/faq/final
FINAL_CHK_0006,faq,CHECKUP_CENTER,건강검진센터,2026-01-05T12:53:50.788064+00:00,,,,"검진 당일 물, 커피, 담배는 금지입니다.",C:/Users/cutep/OneDrive/바탕 화면/yurim251202/VibeCoding/CareLog AI/data/step2_raw_complete.csv,https://example.com/checkup/faq/final
FINAL_CHK_0008,faq,CHECKUP_CENTER,건강검진센터,2026-01-05T12:53:50.788064+00:00,,,,검진 전날 저녁 9시 이후 금식해 주세요.,C:/Users/cutep/OneDrive/바탕 화면/yurim251202/VibeCoding/CareLog AI/data/step2_raw_complete.csv,https://example.com/checkup/faq/final
FINAL_CHK_0009,faq,CHECKUP_CENTER,건강검진센터,2026-01-05T12:53:50.788064+00:00,,,,재검사가 필요한 경우 안내 전화를 드립니다.,C:/Users/cutep/OneDrive/바탕 화면/yurim251202/VibeCoding/CareLog AI/data/step2_raw_complete.csv,https://example.com/checkup/faq/final
FINAL_CHK_0010,faq,CHECKUP_CENTER,건강검진센터,2026-01-05T12:53:50.788064+00:00,,,,검진 예약 변경은 3일 전까지 가능합니다.,C:/Users/cutep/OneDrive/바탕 화면/yurim251202/VibeCoding/CareLog AI/data/step2_raw_complete.csv,https://example.com/checkup/faq/final
FINAL_CHK_0012,faq,CHECKUP_CENTER,건강검진센터,2026-01-05T12:53:50.788064+00:00,,,,"건강검진은 예약제로 운영되며, 최소 1주일 전 예약을 권장합니다.",C:/Users/cutep/OneDrive/바탕 화면/yurim251202/VibeCoding/CareLog AI/data/step2_raw_complete.csv,https://example.com/checkup/faq/final
FINAL_CHK_0014,faq,CHECKUP_CENTER,건강검진센터,2026-01-05T12:53:50.788064+00:00,,,,검진 후 간단한 식사가 제공됩니다.,C:/Users/cutep/OneDrive/바탕 화면/yurim251202/VibeCoding/CareLog AI/data/step2_raw_complete.csv,https://example.com/checkup/faq/final
FINAL_CHK_0015,faq,CHECKUP_CENTER,건강검진센터,2026-01-05T12:53:50.788064+00:00,,,,대장내시경은 전날 장 정결제 복용이 필요합니다.,C:/Users/cutep/OneDrive/바탕 화면/yurim251202/VibeCoding/CareLog AI/data/step2_raw_complete.csv,https://example.com/checkup/faq/final
FINAL_CHK_0017,faq,CHECKUP_CENTER,건강검진센터,2026-01-05T12:53:50.788064+00:00,,,,검진 결과 상담은 예약 후 전문의와 진행됩니다.,C:/Users/cutep/OneDrive/바탕 화면/yurim251202/VibeCoding/CareLog AI/data/step2_raw_complete.csv,https://example.com/checkup/faq/final
FINAL_CHK_0018,faq,CHECKUP_CENTER,건강검진센터,2026-01-05T12:53:50.788064+00:00,,,,검진 당일 신분증을 반드시 지참하세요.,C:/Users/cutep/OneDrive/바탕 화면/yurim251202/VibeCoding/CareLog AI/data/step2_raw_complete.csv,https://example.com/checkup/faq/final
EXTRA_T0001,review,HOSPITAL,A내과(강남점),2025-12-20,5.0,positive,staff,접수부터 안내까지 친절해서 좋았어요.,C:/Users/cutep/OneDrive/바탕 화면/yurim251202/VibeCoding/CareLog AI/data/step2_extra_24.csv,
EXTRA_T0002,review,HOSPITAL,A내과(강남점),2025-12-21,2.0,negative,wait,대기 시간이 너무 길었습니다.,C:/Users/cutep/OneDrive/바탕 화면/yurim251202/VibeCoding/CareLog AI/data/step2_extra_24.csv,
EXTRA_T0003,review,HOSPITAL,B이비인후과(강남역점),2025-12-21,4.0,positive,explain,증상 설명을 이해하기 쉽게 해주셨어요.,C:/Users/cutep/OneDrive/바탕 화면/yurim251202/VibeCoding/CareLog AI/data/step2_extra_24.csv,
EXTRA_T0004,review,PHARMACY,B약국(홍대점),2025-12-22,5.0,positive,speed,조제 속도가 빨라서 편했습니다.,C:/Users/cutep/OneDrive/바탕 화면/yurim251202/VibeCoding/CareLog AI/data/step2_extra_24.csv,
EXTRA_T0005,review,PHARMACY,B약국(홍대점),2025-12-22,2.0,negative,price,가격 안내가 부족해서 아쉬웠어요.,C:/Users/cutep/OneDrive/바탕 화면/yurim251202/VibeCoding/CareLog AI/data/step2_extra_24.csv,
EXTRA_T0006,review,CHECKUP_CENTER,A검진센터(강남점),2025-12-23,4.0,positive,process,검진 동선이 잘 안내되어 혼잡하지 않았어요.,C:/Users/cutep/OneDrive/바탕 화면/yurim251202/VibeCoding/CareLog AI/data/step2_extra_24.csv,
EXTRA_T0007,inquiry,HOSPITAL,C의원(홍대점),2025-12-23,,neutral,reservation,오늘 진료 예약 가능한 시간대가 있나요?,C:/Users/cutep/OneDrive/바탕 화면/yurim251202/VibeCoding/CareLog AI/data/step2_extra_24.csv,
EXTRA_T0008,inquiry,HOSPITAL,C의원(홍대점),2025-12-23,,neutral,policy,예약 변경은 언제까지 가능한가요?,C:/Users/cutep/OneDrive/바탕 화면/yurim251202/VibeCoding/CareLog AI/data/step2_extra_24.csv,
EXTRA_T0009,inquiry,PHARMACY,A약국(강남점),2025-12-23,,neutral,pickup,처방전 없이도 일반약 구매가 가능한가요?,C:/Users/cutep/OneDrive/바탕 화면/yurim251202/VibeCoding/CareLog AI/data/step2_extra_24.csv,
EXTRA_T0010,inquiry,CHECKUP_CENTER,B검진센터(여의도점),2025-12-24,,neutral,prep,건강검진 전 금식이 필요한가요? 몇 시간인가요?,C:/Users/cutep/OneDrive/바탕 화면/yurim251202/VibeCoding/CareLog AI/data/step2_extra_24.csv,
EXTRA_T0011,review,HOSPITAL,D정형외과(신촌점),2025-12-24,3.0,neutral,wait,진료는 괜찮았는데 대기가 조금 있었어요.,C:/Users/cutep/OneDrive/바탕 화면/yurim251202/VibeCoding/CareLog AI/data/step2_extra_24.csv,
EXTRA_T0012,review,HOSPITAL,B이비인후과(강남역점),2025-12-24,1.0,negative,staff,응대가 불친절하게 느껴졌습니다.,C:/Users/cutep/OneDrive/바탕 화면/yurim251202/VibeCoding/CareLog AI/data/step2_extra_24.csv,
EXTRA_T0013,review,PHARMACY,C약국(신촌점),2025-12-24,4.0,positive,staff,약 설명을 자세히 해주셔서 도움이 됐어요.,C:/Users/cutep/OneDrive/바탕 화면/yurim251202/VibeCoding/CareLog AI/data/step2_extra_24.csv,
EXTRA_T0014,review,CHECKUP_CENTER,C검진센터(잠실점),2025-12-25,2.0,negative,process,검진 안내가 늦어서 일정이 밀렸어요.,C:/Users/cutep/OneDrive/바탕 화면/yurim251202/VibeCoding/CareLog AI/data/step2_extra_24.csv,
EXTRA_T0015,inquiry,PHARMACY,C약국(신촌점),2025-12-25,,neutral,opening_hours,오늘 영업시간이 어떻게 되나요?,C:/Users/cutep/OneDrive/바탕 화면/yurim251202/VibeCoding/CareLog AI/data/step2_extra_24.csv,
EXTRA_T0016,inquiry,HOSPITAL,A내과(강남점),2025-12-25,,neutral,reservation,내일 오후로 예약하고 싶어요.,C:/Users/cutep/OneDrive/바탕 화면/yurim251202/VibeCoding/CareLog AI/data/step2_extra_24.csv,
EXTRA_T0017,inquiry,CHECKUP_CENTER,A검진센터(강남점),2025-12-25,,neutral,reservation,검진 예약 취소하려면 어떻게 하나요?,C:/Users/cutep/OneDrive/바탕 화면/yurim251202/VibeCoding/CareLog AI/data/step2_extra_24.csv,
EXTRA_T0018,review,HOSPITAL,C의원(홍대점),2025-12-26,5.0,positive,clean,대기실이 깨끗하고 쾌적했습니다.,C:/Users/cutep/OneDrive/바탕 화면/yurim251202/VibeCoding/CareLog AI/data/step2_extra_24.csv,
EXTRA_T0019,review,PHARMACY,A약국(강남점),2025-12-26,3.0,neutral,speed,조제는 빨랐지만 사람이 많았어요.,C:/Users/cutep/OneDrive/바탕 화면/yurim251202/VibeCoding/CareLog AI/data/step2_extra_24.csv,
EXTRA_T0020,review,CHECKUP_CENTER,B검진센터(여의도점),2025-12-26,4.0,positive,staff,검진 기사님들이 친절했어요.,C:/Users/cutep/OneDrive/바탕 화면/yurim251202/VibeCoding/CareLog AI/data/step2_extra_24.csv,
EXTRA_T0021,review,HOSPITAL,A내과(강남점),2025-12-27,4.0,positive,explain,검사 결과에 대해 핵심만 잘 설명해주셨어요.,C:/Users/cutep/OneDrive/바탕 화면/yurim251202/VibeCoding/CareLog AI/data/step2_extra_24.csv,
EXTRA_T0022,review,HOSPITAL,A내과(강남점),2025-12-27,2.0,negative,wait,예약했는데도 40분 넘게 기다렸어요.,C:/Users/cutep/OneDrive/바탕 화면/yurim251202/VibeCoding/CareLog AI/data/step2_extra_24.csv,
EXTRA_T0023,review,HOSPITAL,B이비인후과(강남역점),2025-12-27,5.0,positive,staff,간호사 분들이 친절해서 안심됐어요.,C:/Users/cutep/OneDrive/바탕 화면/yurim251202/VibeCoding/CareLog AI/data/step2_extra_24.csv,
EXTRA_T0024,review,PHARMACY,B약국(홍대점),2025-12-27,4.0,positive,explain,복용 방법을 자세히 알려주셨어요.,C:/Users/cutep/OneDrive/바탕 화면/yurim251202/VibeCoding/CareLog AI/data/step2_extra_24.csv,
